Date,Open,High,Low,Close,Adj Close,Volume
2008-01-02,849.090027,851.140015,834.119995,837.169983,837.169983,0
2008-01-03,837.169983,842.080017,834.070007,835.859985,835.859985,0
2008-01-04,835.859985,835.859985,814.210022,814.440002,814.440002,0
2008-01-07,814.429993,821.039978,808.619995,816.190002,816.190002,0
2008-01-08,815.960022,824.630005,799.760010,800.530029,800.530029,0
2008-01-09,800.500000,810.349976,791.940002,810.280029,810.280029,0
2008-01-10,810.270020,822.239990,802.000000,817.140015,817.140015,0
2008-01-11,817.090027,817.090027,802.280029,805.570007,805.570007,0
2008-01-14,805.570007,815.219971,805.570007,814.140015,814.140015,0
2008-01-15,814.130005,814.130005,793.969971,794.179993,794.179993,0
2008-01-16,794.099976,800.849976,784.219971,790.229980,790.229980,0
2008-01-17,790.200012,793.179993,766.039978,767.250000,767.250000,0
2008-01-18,767.229980,777.119995,755.260010,762.609985,762.609985,0
2008-01-22,762.609985,762.609985,734.419983,755.090027,755.090027,0
2008-01-23,755.070007,772.030029,732.369995,771.929993,771.929993,0
2008-01-24,771.909973,781.849976,770.400024,779.619995,779.619995,0
2008-01-25,779.609985,789.400024,766.590027,768.469971,768.469971,0
2008-01-28,768.460022,782.530029,763.250000,782.530029,782.530029,0
2008-01-29,782.479980,788.849976,779.750000,787.440002,787.440002,0
2008-01-30,787.400024,800.469971,781.380005,782.719971,782.719971,0
2008-01-31,782.609985,801.010010,770.849976,796.830017,796.830017,0
2008-02-01,796.820007,808.450012,795.989990,808.280029,808.280029,0
2008-02-04,808.280029,808.280029,799.500000,800.119995,800.119995,0
2008-02-05,800.099976,800.099976,775.030029,775.030029,775.030029,0
2008-02-06,774.770020,783.640015,767.299988,768.340027,768.340027,0
2008-02-07,768.190002,780.390015,762.460022,774.760010,774.760010,0
2008-02-08,774.750000,777.989990,766.000000,772.000000,772.000000,0
2008-02-11,771.969971,777.820007,765.659973,776.429993,776.429993,0
2008-02-12,776.400024,789.299988,776.150024,781.580017,781.580017,0
2008-02-13,781.309998,793.580017,781.309998,792.729980,792.729980,0
2008-02-14,792.710022,793.250000,780.609985,781.580017,781.580017,0
2008-02-15,781.539978,781.789978,774.630005,781.669983,781.669983,0
2008-02-19,781.659973,791.330017,779.150024,781.260010,781.260010,0
2008-02-20,781.210022,789.960022,774.140015,788.030029,788.030029,0
2008-02-21,787.809998,793.150024,775.869995,777.549988,777.549988,0
2008-02-22,777.479980,783.580017,768.450012,783.000000,783.000000,0
2008-02-25,782.979980,796.219971,779.349976,794.770020,794.770020,0
2008-02-26,794.760010,804.280029,790.229980,800.520020,800.520020,0
2008-02-27,800.359985,804.609985,794.869995,799.299988,799.299988,0
2008-02-28,799.210022,799.210022,789.179993,791.750000,791.750000,0
2008-02-29,791.729980,791.729980,767.489990,770.450012,770.450012,0
2008-03-03,770.419983,772.950012,763.630005,770.650024,770.650024,0
2008-03-04,768.729980,769.520020,755.789978,766.969971,766.969971,0
2008-03-05,768.119995,777.559998,764.159973,771.840027,771.840027,0
2008-03-06,771.739990,771.739990,753.479980,753.929993,753.929993,0
2008-03-07,753.909973,758.929993,741.280029,747.580017,747.580017,0
2008-03-10,747.539978,748.030029,734.340027,734.719971,734.719971,0
2008-03-11,734.690002,762.109985,734.690002,762.109985,762.109985,0
2008-03-12,761.909973,769.489990,755.090027,755.570007,755.570007,0
2008-03-13,755.530029,763.849976,740.159973,760.700012,760.700012,0
2008-03-14,760.690002,764.039978,737.159973,744.830017,744.830017,0
2008-03-17,744.739990,744.739990,725.760010,736.150024,736.150024,0
2008-03-18,736.119995,767.309998,736.119995,767.309998,767.309998,0
2008-03-19,767.299988,773.640015,748.549988,748.549988,748.549988,0
2008-03-20,748.549988,766.679993,746.559998,766.039978,766.039978,0
2008-03-24,766.039978,784.679993,766.039978,779.239990,779.239990,0
2008-03-25,779.229980,784.419983,774.650024,782.070007,782.070007,0
2008-03-26,782.039978,782.039978,772.559998,775.659973,775.659973,0
2008-03-27,775.510010,778.200012,766.559998,766.580017,766.580017,0
2008-03-28,766.539978,771.619995,758.830017,760.140015,760.140015,0
2008-03-31,760.130005,767.909973,758.799988,764.630005,764.630005,0
2008-04-01,764.599976,791.450012,764.599976,791.450012,791.450012,0
2008-04-02,791.299988,796.309998,787.140015,790.650024,790.650024,0
2008-04-03,790.669983,795.609985,785.520020,792.130005,792.130005,0
2008-04-04,792.119995,799.250000,788.700012,793.059998,793.059998,0
2008-04-07,793.059998,802.390015,792.190002,794.210022,794.210022,0
2008-04-08,793.989990,793.989990,787.760010,790.820007,790.820007,0
2008-04-09,790.770020,792.609985,780.809998,783.239990,783.239990,0
2008-04-10,783.210022,791.059998,780.710022,787.690002,787.690002,0
2008-04-11,787.630005,787.630005,770.390015,771.359985,771.359985,0
2008-04-14,771.349976,773.419983,767.750000,768.909973,768.909973,0
2008-04-15,768.900024,773.989990,766.559998,772.619995,772.619995,0
2008-04-16,772.539978,791.239990,772.539978,790.929993,790.929993,0
2008-04-17,790.919983,792.260010,785.820007,790.559998,790.559998,0
2008-04-18,790.559998,807.760010,790.559998,804.559998,804.559998,0
2008-04-21,804.539978,804.539978,798.289978,803.260010,803.260010,0
2008-04-22,803.250000,803.250000,791.609985,795.359985,795.359985,0
2008-04-23,795.349976,802.159973,793.270020,797.750000,797.750000,0
2008-04-24,797.739990,808.080017,792.039978,803.239990,803.239990,0
2008-04-25,803.229980,809.690002,798.179993,808.869995,808.869995,0
2008-04-28,808.820007,812.200012,806.510010,808.580017,808.580017,0
2008-04-29,808.559998,808.559998,802.599976,804.840027,804.840027,0
2008-04-30,804.799988,812.719971,800.989990,802.020020,802.020020,0
2008-05-01,801.900024,815.739990,800.419983,815.460022,815.460022,0
2008-05-02,815.450012,823.159973,813.549988,817.520020,817.520020,0
2008-05-05,818.700012,818.700012,812.429993,814.469971,814.469971,0
2008-05-06,814.469971,822.599976,808.710022,820.770020,820.770020,0
2008-05-07,820.599976,822.049988,805.750000,806.500000,806.500000,0
2008-05-08,806.479980,812.169983,804.770020,809.820007,809.820007,0
2008-05-09,809.820007,809.820007,802.539978,805.460022,805.460022,0
2008-05-12,805.429993,814.830017,804.049988,814.659973,814.659973,0
2008-05-13,814.549988,816.880005,810.599976,815.299988,815.299988,0
2008-05-14,815.169983,825.140015,815.169983,818.169983,818.169983,0
2008-05-15,818.049988,827.400024,817.299988,826.989990,826.989990,0
2008-05-16,826.969971,828.440002,821.419983,828.150024,828.150024,0
2008-05-19,828.119995,836.409973,825.270020,828.179993,828.179993,0
2008-05-20,828.179993,828.179993,818.409973,821.390015,821.390015,0
2008-05-21,821.330017,825.039978,807.380005,808.409973,808.409973,0
2008-05-22,808.280029,813.679993,808.280029,810.900024,810.900024,0
2008-05-23,810.890015,810.890015,798.809998,800.599976,800.599976,0
2008-05-27,800.590027,807.239990,799.159973,806.369995,806.369995,0
2008-05-28,806.229980,810.340027,802.599976,810.150024,810.150024,0
2008-05-29,810.080017,819.309998,808.909973,814.700012,814.700012,0
2008-05-30,814.690002,818.710022,814.690002,816.809998,816.809998,0
2008-06-02,816.780029,816.780029,803.869995,808.729980,808.729980,0
2008-06-03,808.710022,813.250000,799.770020,804.630005,804.630005,0
2008-06-04,804.309998,811.169983,801.770020,804.799988,804.799988,0
2008-06-05,804.750000,821.190002,804.750000,821.190002,821.190002,0
2008-06-06,821.109985,821.109985,796.299988,796.599976,796.599976,0
2008-06-09,796.580017,801.950012,790.070007,796.489990,796.489990,0
2008-06-10,796.059998,798.609985,789.950012,793.960022,793.960022,0
2008-06-11,793.799988,793.799988,780.409973,780.409973,780.409973,0
2008-06-12,780.349976,790.570007,777.979980,782.599976,782.599976,0
2008-06-13,782.580017,794.679993,782.580017,794.679993,794.679993,0
2008-06-16,794.679993,798.190002,790.510010,796.099976,796.099976,0
2008-06-17,796.090027,799.669983,791.109985,791.359985,791.359985,0
2008-06-18,791.349976,791.349976,780.940002,783.859985,783.859985,0
2008-06-19,783.690002,789.369995,779.700012,787.030029,787.030029,0
2008-06-20,787.020020,787.020020,770.390015,772.729980,772.729980,0
2008-06-23,772.719971,776.229980,770.770020,771.989990,771.989990,0
2008-06-24,771.979980,775.219971,763.359985,768.049988,768.049988,0
2008-06-25,768.000000,780.450012,768.000000,773.059998,773.059998,0
2008-06-26,772.840027,772.840027,750.859985,750.859985,750.859985,0
2008-06-27,750.830017,754.229980,744.400024,748.289978,748.289978,0
2008-06-30,748.280029,754.520020,746.119995,748.099976,748.099976,0
2008-07-01,747.969971,750.580017,736.150024,750.450012,750.450012,0
2008-07-02,750.400024,754.159973,735.130005,735.130005,735.130005,0
2008-07-03,735.119995,739.239990,727.940002,734.049988,734.049988,0
2008-07-07,734.049988,740.510010,720.880005,727.500000,727.500000,0
2008-07-08,727.270020,741.150024,721.059998,741.030029,741.030029,0
2008-07-09,740.960022,743.729980,724.520020,724.640015,724.640015,0
2008-07-10,724.640015,732.609985,720.219971,729.890015,729.890015,0
2008-07-11,729.830017,732.840027,714.109985,723.349976,723.349976,0
2008-07-14,723.349976,731.359985,714.739990,719.359985,719.359985,0
2008-07-15,716.700012,720.609985,699.859985,720.609985,720.609985,0
2008-07-16,709.229980,727.479980,706.950012,727.479980,727.479980,0
2008-07-17,727.450012,736.679993,725.159973,735.849976,735.849976,0
2008-07-18,735.849976,736.820007,730.710022,735.580017,735.580017,0
2008-07-21,735.559998,739.909973,733.869995,736.659973,736.659973,0
2008-07-22,736.650024,746.900024,730.070007,746.780029,746.780029,0
2008-07-23,746.780029,754.690002,745.940002,749.219971,749.219971,0
2008-07-24,749.200012,749.719971,730.460022,731.210022,731.210022,0
2008-07-25,731.200012,738.070007,731.200012,735.130005,735.130005,0
2008-07-28,735.130005,736.400024,721.880005,722.020020,722.020020,0
2008-07-29,721.960022,738.820007,721.960022,738.820007,738.820007,0
2008-07-30,738.760010,750.450012,738.760010,750.440002,750.440002,0
2008-07-31,750.309998,750.739990,740.580017,741.119995,741.119995,0
2008-08-01,741.109985,742.929993,733.770020,737.549988,737.549988,0
2008-08-04,737.549988,737.549988,728.140015,729.080017,729.080017,0
2008-08-05,729.070007,748.789978,729.070007,748.789978,748.789978,0
2008-08-06,748.190002,753.690002,744.020020,752.179993,752.179993,0
2008-08-07,752.119995,752.119995,738.099976,739.150024,739.150024,0
2008-08-08,739.140015,757.059998,736.880005,756.340027,756.340027,0
2008-08-11,756.190002,766.820007,753.809998,762.559998,762.559998,0
2008-08-12,762.539978,762.539978,751.650024,753.950012,753.950012,0
2008-08-13,753.719971,757.260010,746.059998,752.940002,752.940002,0
2008-08-14,752.909973,761.000000,748.200012,757.510010,757.510010,0
2008-08-15,757.440002,762.969971,756.090027,759.820007,759.820007,0
2008-08-18,759.770020,761.140015,746.049988,748.559998,748.559998,0
2008-08-19,748.549988,748.549988,739.070007,741.280029,741.280029,0
2008-08-20,741.239990,746.840027,738.330017,745.650024,745.650024,0
2008-08-21,745.609985,749.090027,740.429993,746.809998,746.809998,0
2008-08-22,746.729980,755.520020,746.729980,755.309998,755.309998,0
2008-08-25,755.299988,755.299988,739.309998,740.400024,740.400024,0
2008-08-26,740.400024,745.539978,738.099976,743.200012,743.200012,0
2008-08-27,743.090027,751.580017,742.849976,749.710022,749.710022,0
2008-08-28,749.599976,760.940002,749.599976,760.940002,760.940002,0
2008-08-29,760.909973,760.909973,751.039978,751.130005,751.130005,0
2008-09-02,751.099976,762.539978,743.830017,747.280029,747.280029,0
2008-09-03,746.979980,749.309998,740.049988,745.260010,745.260010,0
2008-09-04,745.239990,745.239990,721.409973,723.280029,723.280029,0
2008-09-05,723.250000,727.900024,711.099976,726.299988,726.299988,0
2008-09-08,726.200012,744.679993,726.200012,739.710022,739.710022,0
2008-09-09,739.700012,739.719971,713.679993,713.679993,713.679993,0
2008-09-10,713.640015,725.489990,711.760010,719.150024,719.150024,0
2008-09-11,718.890015,728.200012,706.380005,727.789978,727.789978,0
2008-09-12,727.770020,732.250000,719.520020,730.429993,730.429993,0
2008-09-15,730.419983,730.419983,696.309998,696.309998,696.309998,0
2008-09-16,696.409973,709.090027,682.609985,709.059998,709.059998,0
2008-09-17,709.039978,709.039978,675.599976,675.830017,675.830017,0
2008-09-18,675.650024,708.190002,662.929993,706.489990,706.489990,0
2008-09-19,706.520020,739.799988,706.520020,735.849976,735.849976,0
2008-09-22,735.820007,735.820007,706.229980,706.710022,706.710022,0
2008-09-23,706.700012,714.200012,695.070007,695.900024,695.900024,0
2008-09-24,695.890015,700.140015,690.349976,693.239990,693.239990,0
2008-09-25,693.140015,711.590027,693.140015,705.559998,705.559998,0
2008-09-26,705.369995,707.820007,692.669983,706.500000,706.500000,0
2008-09-29,706.469971,706.469971,646.239990,646.239990,646.239990,0
2008-09-30,646.229980,680.039978,646.229980,678.500000,678.500000,0
2008-10-01,679.179993,679.179993,664.280029,675.179993,675.179993,0
2008-10-02,675.090027,675.090027,644.200012,645.630005,645.630005,0
2008-10-03,645.619995,667.380005,634.989990,635.429993,635.429993,0
2008-10-06,635.429993,635.429993,581.580017,610.150024,610.150024,0
2008-10-07,610.169983,619.000000,575.020020,575.020020,575.020020,0
2008-10-08,574.739990,588.219971,558.969971,568.140015,568.140015,0
2008-10-09,568.119995,580.239990,524.539978,524.869995,524.869995,0
2008-10-10,524.820007,539.809998,485.350006,520.969971,520.969971,0
2008-10-13,520.989990,582.169983,520.989990,580.750000,580.750000,0
2008-10-14,580.729980,602.950012,560.580017,575.330017,575.330017,0
2008-10-15,575.280029,575.280029,521.409973,522.729980,522.729980,0
2008-10-16,522.710022,545.989990,499.140015,545.570007,545.570007,0
2008-10-17,545.549988,567.539978,529.770020,542.539978,542.539978,0
2008-10-20,542.539978,567.830017,542.539978,567.830017,567.830017,0
2008-10-21,567.830017,567.830017,549.369995,550.580017,550.580017,0
2008-10-22,550.580017,550.580017,505.619995,517.190002,517.190002,0
2008-10-23,517.169983,530.400024,492.679993,520.119995,520.119995,0
2008-10-24,520.119995,520.119995,488.709991,502.320007,502.320007,0
2008-10-27,502.320007,510.720001,484.279999,485.250000,485.250000,0
2008-10-28,485.239990,534.940002,482.380005,534.940002,534.940002,0
2008-10-29,534.869995,553.770020,528.229980,532.289978,532.289978,0
2008-10-30,532.190002,551.510010,532.190002,547.789978,547.789978,0
2008-10-31,547.780029,565.929993,541.830017,557.840027,557.840027,0
2008-11-03,557.830017,561.890015,552.330017,556.619995,556.619995,0
2008-11-04,556.609985,578.419983,556.609985,577.619995,577.619995,0
2008-11-05,577.380005,577.380005,545.469971,546.929993,546.929993,0
2008-11-06,546.820007,546.820007,517.570007,519.940002,519.940002,0
2008-11-07,519.789978,534.599976,519.789978,534.460022,534.460022,0
2008-11-10,534.400024,546.130005,520.609985,526.570007,526.570007,0
2008-11-11,526.570007,526.570007,507.329987,514.710022,514.710022,0
2008-11-12,514.500000,514.500000,486.790009,487.359985,487.359985,0
2008-11-13,487.299988,522.679993,468.130005,521.960022,521.960022,0
2008-11-14,521.890015,523.460022,497.589996,498.679993,498.679993,0
2008-11-17,498.820007,504.059998,485.730011,486.720001,486.720001,0
2008-11-18,486.700012,494.959991,472.179993,490.369995,490.369995,0
2008-11-19,490.320007,493.079987,459.170013,459.170013,459.170013,0
2008-11-20,459.149994,465.880005,425.540009,427.829987,427.829987,0
2008-11-21,427.739990,454.739990,420.309998,454.119995,454.119995,0
2008-11-24,454.109985,491.470001,454.109985,484.390015,484.390015,0
2008-11-25,484.320007,493.369995,474.910004,488.329987,488.329987,0
2008-11-26,488.040009,507.220001,479.179993,507.220001,507.220001,0
2008-11-28,507.200012,512.229980,503.029999,512.229980,512.229980,0
2008-12-01,512.200012,512.200012,464.350006,464.690002,464.690002,0
2008-12-02,464.660004,484.649994,464.660004,483.989990,483.989990,0
2008-12-03,483.769989,497.779999,472.119995,496.579987,496.579987,0
2008-12-04,496.559998,499.950012,474.829987,481.630005,481.630005,0
2008-12-05,481.609985,501.380005,466.200012,499.940002,499.940002,0
2008-12-08,499.869995,524.190002,499.869995,519.580017,519.580017,0
2008-12-09,519.580017,524.429993,505.320007,507.339996,507.339996,0
2008-12-10,507.290009,519.520020,506.350006,514.539978,514.539978,0
2008-12-11,514.400024,517.260010,495.329987,498.320007,498.320007,0
2008-12-12,498.320007,505.559998,486.100006,503.899994,503.899994,0
2008-12-15,503.869995,506.540009,490.059998,496.320007,496.320007,0
2008-12-16,496.320007,523.179993,496.320007,522.619995,522.619995,0
2008-12-17,522.599976,527.330017,513.640015,519.359985,519.359985,0
2008-12-18,519.340027,523.010010,503.779999,508.589996,508.589996,0
2008-12-19,508.579987,520.659973,507.899994,510.799988,510.799988,0
2008-12-22,510.760010,510.760010,491.970001,500.980011,500.980011,0
2008-12-23,500.890015,505.950012,494.309998,496.250000,496.250000,0
2008-12-24,496.049988,499.660004,494.760010,498.859985,498.859985,0
2008-12-26,498.839996,502.549988,497.989990,502.220001,502.220001,0
2008-12-29,502.049988,502.500000,492.420013,499.130005,499.130005,0
2008-12-30,499.040009,512.140015,499.040009,511.989990,511.989990,0
2008-12-31,511.980011,524.469971,511.510010,520.599976,520.599976,0
2009-01-02,520.520020,537.960022,518.099976,536.260010,536.260010,0
2009-01-05,536.260010,539.429993,528.820007,534.429993,534.429993,0
2009-01-06,534.429993,544.020020,534.429993,539.780029,539.780029,0
2009-01-07,539.520020,539.520020,520.650024,523.369995,523.369995,0
2009-01-08,523.349976,525.989990,517.840027,525.880005,525.880005,0
2009-01-09,525.880005,526.950012,512.900024,513.900024,513.900024,0
2009-01-12,513.900024,513.900024,498.290009,501.609985,501.609985,0
2009-01-13,501.579987,506.019989,497.380005,503.230011,503.230011,0
2009-01-14,503.190002,503.190002,482.910004,485.679993,485.679993,0
2009-01-15,485.660004,492.170013,470.980011,487.709991,487.709991,0
2009-01-16,487.709991,496.049988,479.980011,491.799988,491.799988,0
2009-01-20,491.790009,491.790009,464.380005,464.730011,464.730011,0
2009-01-21,464.640015,485.980011,463.980011,485.209991,485.209991,0
2009-01-22,485.200012,485.200012,467.829987,476.829987,476.829987,0
2009-01-23,476.829987,483.660004,464.440002,479.609985,479.609985,0
2009-01-26,479.600006,491.809998,477.109985,482.410004,482.410004,0
2009-01-27,482.410004,490.209991,481.670013,487.720001,487.720001,0
2009-01-28,487.660004,506.350006,487.660004,504.420013,504.420013,0
2009-01-29,504.390015,504.390015,486.790009,487.329987,487.329987,0
2009-01-30,487.329987,491.269989,473.859985,476.260010,476.260010,0
2009-02-02,476.260010,479.519989,468.859985,476.640015,476.640015,0
2009-02-03,476.630005,485.910004,474.420013,483.570007,483.570007,0
2009-02-04,483.309998,491.510010,478.519989,480.279999,480.279999,0
2009-02-05,480.260010,491.059998,473.459991,488.160004,488.160004,0
2009-02-06,487.989990,502.940002,487.989990,501.980011,501.980011,0
2009-02-09,501.959991,505.459991,497.709991,502.339996,502.339996,0
2009-02-10,502.320007,502.320007,476.000000,478.160004,478.160004,0
2009-02-11,477.980011,484.269989,474.859985,481.540009,481.540009,0
2009-02-12,481.450012,483.040009,467.170013,482.799988,482.799988,0
2009-02-13,482.760010,485.679993,477.359985,478.329987,478.329987,0
2009-02-17,478.320007,478.320007,456.649994,456.649994,456.649994,0
2009-02-18,456.559998,460.160004,451.100006,455.410004,455.410004,0
2009-02-19,455.170013,461.089996,448.720001,449.700012,449.700012,0
2009-02-20,449.619995,449.619995,435.420013,444.730011,444.730011,0
2009-02-23,444.720001,449.079987,428.500000,428.910004,428.910004,0
2009-02-24,428.899994,447.690002,428.899994,446.450012,446.450012,0
2009-02-25,446.359985,449.950012,434.489990,441.130005,441.130005,0
2009-02-26,441.049988,449.089996,433.260010,433.959991,433.959991,0
2009-02-27,433.950012,434.239990,423.920013,424.880005,424.880005,0
2009-03-02,424.869995,424.869995,403.720001,404.260010,404.260010,0
2009-03-03,404.250000,410.440002,399.070007,401.440002,401.440002,0
2009-03-04,401.299988,417.609985,401.299988,411.359985,411.359985,0
2009-03-05,411.329987,411.329987,390.959991,393.339996,393.339996,0
2009-03-06,393.269989,402.529999,384.410004,393.850006,393.850006,0
2009-03-09,393.820007,400.500000,387.660004,389.609985,389.609985,0
2009-03-10,389.589996,414.690002,389.589996,414.690002,414.690002,0
2009-03-11,414.559998,421.959991,411.380005,415.619995,415.619995,0
2009-03-12,415.549988,434.299988,411.540009,433.299988,433.299988,0
2009-03-13,433.279999,437.559998,428.670013,436.519989,436.519989,0
2009-03-16,436.510010,446.140015,433.709991,434.079987,434.079987,0
2009-03-17,434.070007,448.429993,431.600006,448.429993,448.429993,0
2009-03-18,448.420013,462.950012,441.399994,458.440002,458.440002,0
2009-03-19,458.440002,463.369995,451.880005,453.040009,453.040009,0
2009-03-20,453.040009,455.850006,442.059998,443.429993,443.429993,0
2009-03-23,443.339996,475.220001,443.339996,475.049988,475.049988,0
2009-03-24,475.040009,475.040009,464.359985,464.679993,464.679993,0
2009-03-25,464.679993,477.100006,456.230011,469.720001,469.720001,0
2009-03-26,469.700012,482.029999,469.700012,482.029999,482.029999,0
2009-03-27,481.940002,481.940002,470.179993,471.309998,471.309998,0
2009-03-30,471.279999,471.279999,450.630005,454.989990,454.989990,0
2009-03-31,454.989990,468.600006,454.989990,461.140015,461.140015,0
2009-04-01,461.059998,469.910004,452.420013,468.649994,468.649994,0
2009-04-02,468.619995,489.649994,468.619995,483.359985,483.359985,0
2009-04-03,483.350006,488.649994,478.920013,488.649994,488.649994,0
2009-04-06,488.640015,488.640015,476.750000,484.070007,484.070007,0
2009-04-07,483.799988,483.799988,471.450012,471.709991,471.709991,0
2009-04-08,471.690002,479.320007,471.399994,477.910004,477.910004,0
2009-04-09,477.910004,497.410004,477.910004,497.329987,497.329987,0
2009-04-13,497.290009,501.390015,490.109985,498.380005,498.380005,0
2009-04-14,498.369995,498.369995,487.250000,487.839996,487.839996,0
2009-04-15,487.820007,494.470001,484.339996,494.059998,494.059998,0
2009-04-16,494.040009,505.589996,491.399994,502.700012,502.700012,0
2009-04-17,502.700012,508.929993,500.049988,505.690002,505.690002,0
2009-04-20,505.679993,505.679993,482.989990,482.989990,482.989990,0
2009-04-21,482.980011,494.320007,479.760010,494.320007,494.320007,0
2009-04-22,494.230011,501.929993,488.630005,491.290009,491.290009,0
2009-04-23,491.279999,495.429993,485.739990,494.899994,494.899994,0
2009-04-24,494.899994,507.260010,494.899994,504.040009,504.040009,0
2009-04-27,504.040009,505.260010,496.679993,498.390015,498.390015,0
2009-04-28,498.359985,503.109985,492.399994,497.529999,497.529999,0
2009-04-29,497.480011,514.030029,497.480011,509.390015,509.390015,0
2009-04-30,509.359985,518.710022,506.779999,508.910004,508.910004,0
2009-05-01,508.899994,513.570007,505.010010,511.269989,511.269989,0
2009-05-04,511.269989,529.549988,511.269989,529.330017,529.330017,0
2009-05-05,529.320007,529.429993,523.020020,527.099976,527.099976,0
2009-05-06,526.940002,535.719971,526.280029,535.169983,535.169983,0
2009-05-07,535.150024,541.169983,523.469971,527.000000,527.000000,0
2009-05-08,527.000000,540.969971,527.000000,540.640015,540.640015,0
2009-05-11,540.489990,540.489990,528.289978,529.260010,529.260010,0
2009-05-12,529.239990,533.229980,520.659973,527.760010,527.760010,0
2009-05-13,527.570007,527.570007,511.549988,512.020020,512.020020,0
2009-05-14,511.959991,521.219971,511.019989,517.890015,517.890015,0
2009-05-15,517.820007,520.450012,509.799988,512.159973,512.159973,0
2009-05-18,512.119995,528.710022,512.119995,528.549988,528.549988,0
2009-05-19,528.530029,532.729980,525.510010,527.900024,527.900024,0
2009-05-20,527.859985,538.109985,524.080017,525.260010,525.260010,0
2009-05-21,525.130005,525.130005,511.130005,516.349976,516.349976,0
2009-05-22,516.340027,520.969971,513.619995,515.369995,515.369995,0
2009-05-26,515.369995,530.640015,512.169983,530.010010,530.010010,0
2009-05-27,529.929993,532.229980,519.520020,520.049988,520.049988,0
2009-05-28,519.969971,528.700012,516.130005,527.309998,527.309998,0
2009-05-29,527.309998,535.140015,525.669983,534.750000,534.750000,0
2009-06-01,534.729980,552.239990,534.729980,549.679993,549.679993,0
2009-06-02,549.679993,553.359985,546.890015,551.140015,551.140015,0
2009-06-03,551.059998,551.059998,538.719971,543.409973,543.409973,0
2009-06-04,543.320007,550.010010,541.960022,550.010010,550.010010,0
2009-06-05,549.979980,555.179993,545.059998,548.729980,548.729980,0
2009-06-08,548.630005,551.679993,540.169983,547.380005,547.380005,0
2009-06-09,547.349976,552.609985,546.250000,549.909973,549.909973,0
2009-06-10,549.890015,554.210022,541.440002,547.940002,547.940002,0
2009-06-11,547.799988,557.510010,547.799988,551.179993,551.179993,0
2009-06-12,551.150024,551.570007,545.169983,551.570007,551.570007,0
2009-06-15,551.570007,551.570007,535.570007,538.159973,538.159973,0
2009-06-16,538.159973,541.150024,530.580017,530.950012,530.950012,0
2009-06-17,530.940002,534.950012,525.900024,530.419983,530.419983,0
2009-06-18,530.359985,536.429993,528.299988,534.469971,534.469971,0
2009-06-19,534.469971,539.989990,533.309998,536.380005,536.380005,0
2009-06-22,536.309998,536.309998,519.380005,519.380005,519.380005,0
2009-06-23,519.359985,522.659973,516.559998,520.039978,520.039978,0
2009-06-24,520.030029,529.659973,520.030029,523.979980,523.979980,0
2009-06-25,523.969971,535.830017,521.190002,535.559998,535.559998,0
2009-06-26,535.440002,537.219971,531.650024,535.559998,535.559998,0
2009-06-29,535.530029,540.469971,533.179993,539.729980,539.729980,0
2009-06-30,539.690002,541.530029,531.960022,535.619995,535.619995,0
2009-07-01,535.559998,543.419983,535.559998,538.650024,538.650024,0
2009-07-02,538.640015,538.640015,522.570007,522.570007,522.570007,0
2009-07-06,522.570007,523.000000,515.780029,522.950012,522.950012,0
2009-07-07,522.950012,522.950012,511.970001,512.510010,512.510010,0
2009-07-08,512.239990,515.580017,505.109985,511.179993,511.179993,0
2009-07-09,511.170013,516.190002,510.799988,513.049988,513.049988,0
2009-07-10,513.049988,513.869995,507.299988,511.359985,511.359985,0
2009-07-13,511.320007,523.869995,508.309998,523.869995,523.869995,0
2009-07-14,523.869995,526.929993,521.280029,526.929993,526.929993,0
2009-07-15,526.909973,543.539978,526.909973,542.909973,542.909973,0
2009-07-16,542.890015,549.880005,540.099976,548.080017,548.080017,0
2009-07-17,548.080017,548.609985,544.369995,547.609985,547.609985,0
2009-07-20,547.609985,554.630005,547.609985,554.380005,554.380005,0
2009-07-21,554.369995,557.530029,549.250000,556.070007,556.070007,0
2009-07-22,555.989990,559.419983,552.219971,556.229980,556.229980,0
2009-07-23,556.229980,571.419983,555.809998,569.710022,569.710022,0
2009-07-24,569.710022,572.010010,563.840027,571.820007,571.820007,0
2009-07-27,571.820007,573.799988,567.799988,573.580017,573.580017,0
2009-07-28,573.580017,573.750000,566.090027,572.229980,572.229980,0
2009-07-29,572.159973,572.159973,565.710022,569.229980,569.229980,0
2009-07-30,569.169983,582.070007,569.169983,576.309998,576.309998,0
2009-07-31,576.299988,580.090027,574.109985,576.559998,576.559998,0
2009-08-03,576.559998,586.270020,576.559998,585.929993,585.929993,0
2009-08-04,585.919983,589.150024,582.299988,588.140015,588.140015,0
2009-08-05,588.010010,588.799988,581.280029,586.309998,586.309998,0
2009-08-06,586.239990,589.549988,579.940002,582.419983,582.419983,0
2009-08-07,582.409973,595.479980,582.409973,591.210022,591.210022,0
2009-08-10,591.200012,591.250000,585.659973,589.270020,589.270020,0
2009-08-11,589.130005,589.130005,580.369995,581.599976,581.599976,0
2009-08-12,581.409973,592.719971,581.099976,588.539978,588.539978,0
2009-08-13,588.510010,592.919983,585.619995,592.679993,592.679993,0
2009-08-14,592.679993,592.679993,581.539978,586.869995,586.869995,0
2009-08-17,586.760010,586.760010,571.429993,572.130005,572.130005,0
2009-08-18,572.099976,579.150024,572.099976,578.349976,578.349976,0
2009-08-19,578.280029,583.919983,572.809998,582.400024,582.400024,0
2009-08-20,582.369995,589.520020,582.239990,588.760010,588.760010,0
2009-08-21,588.669983,600.520020,588.669983,599.789978,599.789978,0
2009-08-24,599.780029,605.250000,597.369995,599.159973,599.159973,0
2009-08-25,599.159973,606.349976,599.159973,600.750000,600.750000,0
2009-08-26,600.710022,603.349976,597.010010,600.849976,600.849976,0
2009-08-27,600.789978,603.700012,593.260010,602.419983,602.419983,0
2009-08-28,602.340027,607.619995,597.770020,601.299988,601.299988,0
2009-08-31,601.280029,601.280029,592.520020,595.859985,595.859985,0
2009-09-01,595.840027,601.000000,581.619995,582.630005,582.630005,0
2009-09-02,582.510010,583.890015,579.000000,580.650024,580.650024,0
2009-09-03,580.609985,586.090027,579.000000,586.080017,586.080017,0
2009-09-04,586.049988,593.869995,584.760010,593.869995,593.869995,0
2009-09-08,593.789978,599.700012,593.789978,599.590027,599.590027,0
2009-09-09,599.580017,606.760010,598.590027,604.989990,604.989990,0
2009-09-10,604.989990,611.609985,601.760010,611.609985,611.609985,0
2009-09-11,611.469971,614.330017,608.250000,610.919983,610.919983,0
2009-09-14,610.909973,615.390015,606.150024,615.229980,615.229980,0
2009-09-15,615.219971,619.750000,612.169983,617.929993,617.929993,0
2009-09-16,617.909973,627.799988,617.909973,627.799988,627.799988,0
2009-09-17,627.719971,631.450012,623.130005,625.640015,625.640015,0
2009-09-18,625.640015,629.080017,624.640015,627.169983,627.169983,0
2009-09-21,627.169983,627.169983,620.690002,625.200012,625.200012,0
2009-09-22,625.190002,630.760010,625.190002,629.489990,629.489990,0
2009-09-23,629.479980,634.090027,622.530029,622.739990,622.739990,0
2009-09-24,622.669983,625.750000,612.900024,615.820007,615.820007,0
2009-09-25,615.820007,617.280029,610.190002,612.200012,612.200012,0
2009-09-28,612.080017,624.820007,612.080017,623.530029,623.530029,0
2009-09-29,623.479980,627.539978,620.630005,622.330017,622.330017,0
2009-09-30,622.280029,624.070007,613.489990,619.869995,619.869995,0
2009-10-01,619.859985,619.859985,602.950012,603.159973,603.159973,0
2009-10-02,603.140015,603.590027,597.130005,600.059998,600.059998,0
2009-10-05,600.059998,610.739990,600.059998,609.559998,609.559998,0
2009-10-06,609.549988,621.520020,609.549988,618.119995,618.119995,0
2009-10-07,617.849976,619.849976,615.390015,619.630005,619.630005,0
2009-10-08,619.619995,627.859985,619.619995,624.809998,624.809998,0
2009-10-09,624.809998,628.659973,623.340027,628.659973,628.659973,0
2009-10-12,628.659973,633.390015,628.580017,631.070007,631.070007,0
2009-10-13,631.030029,631.030029,625.250000,629.190002,629.190002,0
2009-10-14,629.159973,640.929993,629.159973,640.380005,640.380005,0
2009-10-15,640.380005,642.679993,636.729980,642.679993,642.679993,0
2009-10-16,642.679993,642.679993,633.520020,637.179993,637.179993,0
2009-10-19,637.179993,644.659973,636.340027,643.320007,643.320007,0
2009-10-20,643.309998,643.719971,635.750000,638.710022,638.710022,0
2009-10-21,638.640015,645.099976,632.330017,632.710022,632.710022,0
2009-10-22,632.679993,640.919983,628.140015,639.549988,639.549988,0
2009-10-23,639.549988,641.299988,629.010010,631.219971,631.219971,0
2009-10-26,631.219971,638.700012,622.669983,623.690002,623.690002,0
2009-10-27,623.690002,626.650024,619.390015,620.729980,620.729980,0
2009-10-28,620.650024,620.650024,606.669983,606.950012,606.950012,0
2009-10-29,606.909973,621.340027,606.909973,620.789978,620.789978,0
2009-10-30,620.789978,620.789978,601.599976,603.260010,603.260010,0
2009-11-02,603.260010,612.520020,598.539978,606.690002,606.690002,0
2009-11-03,606.690002,609.559998,601.369995,609.409973,609.409973,0
2009-11-04,609.270020,618.030029,608.479980,609.159973,609.159973,0
2009-11-05,609.130005,621.739990,609.130005,621.739990,621.739990,0
2009-11-06,621.669983,624.599976,617.229980,622.919983,622.919983,0
2009-11-09,622.780029,636.789978,622.780029,636.789978,636.789978,0
2009-11-10,636.650024,638.570007,632.950012,636.340027,636.340027,0
2009-11-11,636.330017,643.950012,636.330017,639.869995,639.869995,0
2009-11-12,639.789978,642.210022,631.210022,632.429993,632.429993,0
2009-11-13,632.429993,638.840027,631.030029,636.469971,636.469971,0
2009-11-16,636.359985,649.039978,636.359985,646.500000,646.500000,0
2009-11-17,646.489990,647.140015,642.179993,646.960022,646.960022,0
2009-11-18,646.869995,647.299988,642.340027,646.210022,646.210022,0
2009-11-19,646.210022,646.210022,632.960022,636.700012,636.700012,0
2009-11-20,636.570007,636.570007,631.809998,634.570007,634.570007,0
2009-11-23,634.559998,647.260010,634.559998,643.049988,643.049988,0
2009-11-24,643.020020,643.460022,637.570007,642.469971,642.469971,0
2009-11-25,642.400024,645.830017,642.039978,645.349976,645.349976,0
2009-11-27,645.229980,645.229980,629.539978,633.719971,633.719971,0
2009-11-30,633.650024,636.859985,629.969971,636.039978,636.039978,0
2009-12-01,636.010010,646.030029,636.010010,644.229980,644.229980,0
2009-12-02,644.159973,649.090027,642.940002,645.380005,645.380005,0
2009-12-03,645.359985,650.190002,639.119995,639.750000,639.750000,0
2009-12-04,639.739990,651.700012,638.299988,644.450012,644.450012,0
2009-12-07,644.429993,647.229980,641.590027,643.169983,643.169983,0
2009-12-08,643.109985,643.109985,634.400024,636.739990,636.739990,0
2009-12-09,636.690002,639.520020,632.979980,638.830017,638.830017,0
2009-12-10,638.780029,644.700012,638.780029,642.109985,642.109985,0
2009-12-11,642.000000,645.849976,641.479980,644.840027,644.840027,0
2009-12-14,644.820007,650.270020,644.820007,650.260010,650.260010,0
2009-12-15,650.250000,650.580017,645.599976,646.989990,646.989990,0
2009-12-16,646.989990,652.039978,646.989990,648.400024,648.400024,0
2009-12-17,648.380005,648.380005,640.419983,640.880005,640.880005,0
2009-12-18,640.869995,645.289978,639.460022,644.909973,644.909973,0
2009-12-21,644.909973,653.630005,644.909973,651.830017,651.830017,0
2009-12-22,651.820007,655.580017,651.820007,654.729980,654.729980,0
2009-12-23,654.580017,657.510010,653.780029,656.989990,656.989990,0
2009-12-24,656.969971,660.440002,656.969971,660.440002,660.440002,0
2009-12-28,660.359985,662.700012,658.500000,660.909973,660.909973,0
2009-12-29,660.780029,662.299988,659.820007,659.909973,659.909973,0
2009-12-30,659.849976,659.979980,657.380005,659.960022,659.960022,0
2009-12-31,659.960022,660.679993,653.000000,653.130005,653.130005,0
2010-01-04,653.109985,664.440002,653.109985,664.049988,664.049988,0
2010-01-05,664.049988,666.159973,661.909973,665.969971,665.969971,0
2010-01-06,665.719971,667.729980,664.880005,666.549988,666.549988,0
2010-01-07,666.520020,669.710022,662.969971,669.340027,669.340027,0
2010-01-08,669.340027,671.640015,666.159973,671.489990,671.489990,0
2010-01-11,671.489990,674.400024,669.599976,672.380005,672.380005,0
2010-01-12,672.369995,672.369995,662.940002,665.539978,665.539978,0
2010-01-13,665.479980,672.900024,663.640015,671.539978,671.539978,0
2010-01-14,671.539978,674.239990,670.320007,673.150024,673.150024,0
2010-01-15,673.130005,673.130005,662.950012,665.669983,665.669983,0
2010-01-19,665.669983,674.229980,665.669983,674.190002,674.190002,0
2010-01-20,674.109985,674.109985,661.669983,667.020020,667.020020,0
2010-01-21,667.000000,669.500000,654.229980,654.909973,654.909973,0
2010-01-22,654.909973,654.909973,639.770020,640.750000,640.750000,0
2010-01-25,640.739990,646.830017,640.739990,643.500000,643.500000,0
2010-01-26,643.489990,647.299988,639.369995,640.580017,640.580017,0
2010-01-27,640.539978,644.719971,635.179993,643.650024,643.650024,0
2010-01-28,643.599976,645.250000,631.969971,635.599976,635.599976,0
2010-01-29,635.599976,642.729980,627.739990,628.989990,628.989990,0
2010-02-01,628.989990,638.140015,628.989990,638.140015,638.140015,0
2010-02-02,638.140015,647.109985,637.260010,646.250000,646.250000,0
2010-02-03,646.109985,646.109985,640.539978,642.609985,642.609985,0
2010-02-04,642.599976,642.599976,622.099976,622.219971,622.219971,0
2010-02-05,622.219971,624.419983,611.159973,624.039978,624.039978,0
2010-02-08,623.869995,627.109985,618.510010,618.630005,618.630005,0
2010-02-09,618.609985,631.580017,618.609985,626.799988,626.799988,0
2010-02-10,626.659973,628.679993,620.099976,625.599976,625.599976,0
2010-02-11,625.530029,633.059998,621.250000,632.409973,632.409973,0
2010-02-12,632.289978,632.489990,623.609985,631.869995,631.869995,0
2010-02-16,631.849976,643.539978,631.849976,643.280029,643.280029,0
2010-02-17,643.190002,647.080017,643.190002,646.219971,646.219971,0
2010-02-18,646.169983,651.159973,645.000000,650.429993,650.429993,0
2010-02-19,650.340027,653.760010,647.109985,651.900024,651.900024,0
2010-02-22,651.900024,653.739990,649.989990,651.260010,651.260010,0
2010-02-23,651.250000,651.270020,641.789978,643.130005,643.130005,0
2010-02-24,643.030029,649.890015,643.030029,649.210022,649.210022,0
2010-02-25,649.059998,649.059998,638.080017,648.219971,648.219971,0
2010-02-26,648.200012,650.479980,644.760010,648.900024,648.900024,0
2010-03-01,648.880005,656.679993,648.880005,656.500000,656.500000,0
2010-03-02,656.500000,661.559998,656.500000,658.789978,658.789978,0
2010-03-03,658.700012,663.190002,657.750000,658.960022,658.960022,0
2010-03-04,658.950012,661.789978,657.580017,661.299988,661.299988,0
2010-03-05,661.280029,671.299988,661.280029,670.979980,670.979980,0
2010-03-08,670.890015,672.400024,669.900024,671.119995,671.119995,0
2010-03-09,671.080017,675.380005,668.890015,672.390015,672.390015,0
2010-03-10,672.320007,677.309998,672.320007,675.900024,675.900024,0
2010-03-11,675.690002,678.479980,671.659973,678.479980,678.479980,0
2010-03-12,678.469971,680.299988,676.320007,678.500000,678.500000,0
2010-03-15,678.479980,678.650024,673.179993,678.320007,678.320007,0
2010-03-16,678.309998,684.150024,678.159973,683.830017,683.830017,0
2010-03-17,683.820007,690.229980,683.820007,687.950012,687.950012,0
2010-03-18,687.940002,688.890015,684.909973,687.210022,687.210022,0
2010-03-19,687.210022,689.140015,680.429993,683.049988,683.049988,0
2010-03-22,683.030029,688.440002,678.710022,687.380005,687.380005,0
2010-03-23,687.299988,692.960022,686.169983,692.650024,692.650024,0
2010-03-24,692.650024,692.650024,687.950012,688.619995,688.619995,0
2010-03-25,688.619995,696.099976,686.380005,686.659973,686.659973,0
2010-03-26,686.659973,691.599976,684.070007,687.070007,687.070007,0
2010-03-29,686.950012,691.989990,686.950012,691.130005,691.130005,0
2010-03-30,691.030029,693.929993,688.570007,691.289978,691.289978,0
2010-03-31,691.270020,692.479980,687.150024,688.739990,688.739990,0
2010-04-01,688.719971,696.049988,688.719971,694.030029,694.030029,0
2010-04-05,694.030029,700.789978,694.030029,700.789978,700.789978,0
2010-04-06,700.789978,703.669983,697.940002,702.349976,702.349976,0
2010-04-07,702.080017,702.419983,695.150024,698.390015,698.390015,0
2010-04-08,698.359985,701.580017,693.609985,700.330017,700.330017,0
2010-04-09,700.330017,705.200012,700.330017,705.090027,705.090027,0
2010-04-12,705.090027,707.940002,705.090027,706.400024,706.400024,0
2010-04-13,706.349976,707.950012,701.909973,707.090027,707.090027,0
2010-04-14,707.080017,715.780029,707.080017,715.780029,715.780029,0
2010-04-15,715.780029,717.750000,714.419983,716.359985,716.359985,0
2010-04-16,716.359985,716.359985,701.849976,705.239990,705.239990,0
2010-04-19,705.229980,707.710022,699.010010,707.190002,707.190002,0
2010-04-20,707.190002,714.020020,707.190002,713.619995,713.619995,0
2010-04-21,713.609985,715.840027,709.270020,713.549988,713.549988,0
2010-04-22,713.520020,717.059998,704.179993,716.229980,716.229980,0
2010-04-23,716.229980,721.809998,714.210022,721.809998,721.809998,0
2010-04-26,721.799988,723.599976,718.179993,718.739990,718.739990,0
2010-04-27,718.739990,718.739990,700.679993,701.840027,701.840027,0
2010-04-28,701.710022,707.940002,700.520020,705.799988,705.799988,0
2010-04-29,705.760010,716.820007,705.760010,715.640015,715.640015,0
2010-04-30,715.630005,716.520020,702.729980,702.940002,702.940002,0
2010-05-03,702.929993,714.070007,702.929993,712.719971,712.719971,0
2010-05-04,712.719971,712.719971,691.630005,694.880005,694.880005,0
2010-05-05,694.739990,696.020020,684.729980,689.320007,689.320007,0
2010-05-06,689.229980,690.619995,630.299988,666.590027,666.590027,0
2010-05-07,666.580017,670.640015,645.830017,655.020020,655.020020,0
2010-05-10,654.989990,686.570007,654.989990,684.739990,684.739990,0
2010-05-11,684.619995,691.750000,677.469971,683.349976,683.349976,0
2010-05-12,683.150024,694.890015,683.150024,694.330017,694.330017,0
2010-05-13,694.289978,695.950012,685.169983,686.330017,686.330017,0
2010-05-14,686.330017,686.330017,667.250000,672.890015,672.890015,0
2010-05-17,672.789978,677.390015,660.119995,673.659973,673.659973,0
2010-05-18,673.619995,681.039978,661.760010,663.750000,663.750000,0
2010-05-19,663.690002,665.940002,650.940002,659.559998,659.559998,0
2010-05-20,659.510010,659.510010,632.989990,632.989990,632.989990,0
2010-05-21,632.989990,644.559998,623.630005,642.640015,642.640015,0
2010-05-24,642.630005,644.380005,634.190002,634.650024,634.650024,0
2010-05-25,634.650024,635.109985,614.590027,634.719971,634.719971,0
2010-05-26,634.630005,645.729980,630.789978,632.239990,632.239990,0
2010-05-27,632.039978,654.150024,632.039978,653.929993,653.929993,0
2010-05-28,653.909973,653.909973,642.989990,646.039978,646.039978,0
2010-06-01,646.020020,648.869995,633.140015,633.520020,633.520020,0
2010-06-02,633.429993,650.369995,633.429993,650.340027,650.340027,0
2010-06-03,650.309998,655.080017,646.880005,653.659973,653.659973,0
2010-06-04,653.640015,653.640015,627.700012,629.969971,629.969971,0
2010-06-07,629.940002,634.000000,620.020020,620.380005,620.380005,0
2010-06-08,620.309998,626.630005,614.590027,626.000000,626.000000,0
2010-06-09,625.969971,636.320007,621.030029,623.130005,623.130005,0
2010-06-10,623.119995,642.340027,623.119995,641.950012,641.950012,0
2010-06-11,641.739990,645.950012,636.190002,645.690002,645.690002,0
2010-06-14,645.669983,655.000000,644.710022,645.210022,645.210022,0
2010-06-15,645.200012,660.840027,645.200012,660.510010,660.510010,0
2010-06-16,660.489990,662.530029,655.369995,659.679993,659.679993,0
2010-06-17,659.599976,661.659973,654.099976,660.049988,660.049988,0
2010-06-18,660.049988,663.099976,658.530029,660.710022,660.710022,0
2010-06-21,660.710022,669.119995,654.630005,657.609985,657.609985,0
2010-06-22,657.530029,661.299988,645.710022,646.320007,646.320007,0
2010-06-23,646.299988,649.169983,640.130005,644.530029,644.530029,0
2010-06-24,644.530029,644.530029,632.469971,633.539978,633.539978,0
2010-06-25,633.520020,640.039978,630.340027,636.229980,636.229980,0
2010-06-28,636.119995,639.739990,632.710022,634.559998,634.559998,0
2010-06-29,634.530029,634.530029,610.549988,613.979980,613.979980,0
2010-06-30,613.929993,618.760010,606.640015,607.919983,607.919983,0
2010-07-01,607.890015,609.590027,595.210022,605.559998,605.559998,0
2010-07-02,605.559998,608.950012,598.700012,602.359985,602.359985,0
2010-07-06,602.359985,614.580017,598.789978,604.150024,604.150024,0
2010-07-07,603.900024,623.880005,603.900024,623.590027,623.590027,0
2010-07-08,623.559998,630.419983,622.559998,629.729980,629.729980,0
2010-07-09,629.729980,634.960022,628.419983,634.869995,634.869995,0
2010-07-12,634.869995,636.659973,629.520020,634.210022,634.210022,0
2010-07-13,634.159973,647.539978,634.159973,645.299988,645.299988,0
2010-07-14,645.289978,647.349976,640.559998,644.919983,644.919983,0
2010-07-15,644.919983,646.299988,635.880005,645.039978,645.039978,0
2010-07-16,645.030029,645.030029,625.039978,625.900024,625.900024,0
2010-07-19,625.890015,631.400024,622.979980,629.570007,629.570007,0
2010-07-20,629.559998,637.609985,620.950012,637.340027,637.340027,0
2010-07-21,637.270020,640.820007,626.489990,628.830017,628.830017,0
2010-07-22,628.809998,645.770020,628.809998,643.849976,643.849976,0
2010-07-23,643.840027,650.619995,640.270020,650.280029,650.280029,0
2010-07-26,650.280029,658.520020,649.549988,658.520020,658.520020,0
2010-07-27,658.520020,662.219971,655.000000,657.059998,657.059998,0
2010-07-28,657.010010,657.590027,649.780029,651.650024,651.650024,0
2010-07-29,651.559998,657.340027,643.299988,649.010010,649.010010,0
2010-07-30,649.010010,652.159973,640.679993,649.390015,649.390015,0
2010-08-02,649.390015,664.119995,649.390015,663.299988,663.299988,0
2010-08-03,663.299988,663.299988,657.179993,659.640015,659.640015,0
2010-08-04,659.500000,664.929993,659.489990,664.270020,664.270020,0
2010-08-05,664.239990,664.239990,659.150024,662.719971,662.719971,0
2010-08-06,662.659973,662.659973,651.679993,660.260010,660.260010,0
2010-08-09,660.250000,665.200012,660.020020,664.409973,664.409973,0
2010-08-10,664.390015,664.390015,654.140015,659.130005,659.130005,0
2010-08-11,658.869995,658.869995,639.119995,639.679993,639.679993,0
2010-08-12,639.599976,639.599976,631.919983,636.359985,636.359985,0
2010-08-13,636.340027,637.729980,633.400024,633.400024,633.400024,0
2010-08-16,633.369995,636.080017,627.900024,634.030029,634.030029,0
2010-08-17,633.929993,646.780029,633.929993,642.390015,642.390015,0
2010-08-18,642.299988,646.890015,638.200012,643.539978,643.539978,0
2010-08-19,643.530029,643.530029,629.520020,632.200012,632.200012,0
2010-08-20,632.200012,632.200012,625.099976,630.250000,630.250000,0
2010-08-23,630.239990,636.159973,626.849976,626.969971,626.969971,0
2010-08-24,626.960022,626.960022,614.309998,617.809998,617.809998,0
2010-08-25,617.770020,622.830017,610.739990,620.659973,620.659973,0
2010-08-26,620.650024,624.609985,614.900024,615.900024,615.900024,0
2010-08-27,615.750000,627.340027,611.469971,627.000000,627.000000,0
2010-08-30,626.890015,626.890015,617.229980,617.270020,617.270020,0
2010-08-31,617.250000,621.059998,612.539978,617.479980,617.479980,0
2010-09-01,617.429993,636.640015,617.429993,636.250000,636.250000,0
2010-09-02,636.210022,642.520020,636.099976,642.510010,642.510010,0
2010-09-03,642.500000,651.690002,642.500000,651.179993,651.179993,0
2010-09-07,651.150024,651.150024,642.590027,643.030029,643.030029,0
2010-09-08,642.919983,649.859985,642.919983,647.179993,647.179993,0
2010-09-09,647.219971,653.929993,647.219971,649.869995,649.869995,0
2010-09-10,649.859985,653.710022,649.840027,652.840027,652.840027,0
2010-09-13,652.640015,661.890015,652.640015,661.140015,661.140015,0
2010-09-14,661.130005,664.289978,657.229980,660.559998,660.559998,0
2010-09-15,660.549988,663.809998,656.549988,662.969971,662.969971,0
2010-09-16,662.880005,662.880005,659.159973,662.369995,662.369995,0
2010-09-17,662.369995,666.299988,660.820007,663.299988,663.299988,0
2010-09-20,663.289978,675.179993,663.289978,674.049988,674.049988,0
2010-09-21,674.039978,677.219971,670.210022,671.900024,671.900024,0
2010-09-22,671.840027,674.559998,666.320007,668.140015,668.140015,0
2010-09-23,668.140015,670.080017,661.320007,662.609985,662.609985,0
2010-09-24,662.609985,677.489990,662.609985,677.440002,677.440002,0
2010-09-27,677.440002,678.270020,673.770020,673.929993,673.929993,0
2010-09-28,673.820007,678.909973,667.690002,677.710022,677.710022,0
2010-09-29,677.640015,678.729980,673.700012,676.559998,676.559998,0
2010-09-30,676.520020,683.820007,671.549988,674.750000,674.750000,0
2010-10-01,674.729980,680.099976,673.599976,677.679993,677.679993,0
2010-10-04,677.840027,678.750000,668.710022,671.830017,671.830017,0
2010-10-05,671.830017,687.270020,671.830017,686.169983,686.169983,0
2010-10-06,685.380005,686.859985,682.039978,684.989990,684.989990,0
2010-10-07,684.979980,687.469971,680.039978,683.989990,683.989990,0
2010-10-08,684.190002,690.419983,682.539978,688.849976,688.849976,0
2010-10-11,689.020020,690.989990,687.359985,689.080017,689.080017,0
2010-10-12,689.080017,693.289978,683.099976,691.760010,691.760010,0
2010-10-13,692.929993,700.789978,692.929993,697.150024,697.150024,0
2010-10-14,697.130005,697.880005,690.440002,694.619995,694.619995,0
2010-10-15,696.809998,699.280029,690.710022,695.849976,695.849976,0
2010-10-18,695.849976,700.960022,694.890015,700.640015,700.640015,0
2010-10-19,696.900024,696.900024,685.299988,689.000000,689.000000,0
2010-10-20,689.700012,699.270020,689.659973,696.520020,696.520020,0
2010-10-21,697.700012,703.169983,691.609985,697.190002,697.190002,0
2010-10-22,697.500000,699.530029,696.520020,699.419983,699.419983,0
2010-10-25,700.130005,707.580017,700.130005,701.400024,701.400024,0
2010-10-26,699.950012,702.570007,696.390015,701.390015,701.390015,0
2010-10-27,699.630005,700.359985,693.299988,699.690002,699.690002,0
2010-10-28,701.250000,704.169983,696.299988,700.049988,700.049988,0
2010-10-29,699.650024,701.650024,698.190002,700.369995,700.369995,0
2010-11-01,701.969971,707.809998,696.469971,700.630005,700.630005,0
2010-11-02,700.619995,707.900024,700.619995,706.909973,706.909973,0
2010-11-03,700.619995,709.450012,700.619995,709.330017,709.330017,0
2010-11-04,706.960022,723.289978,700.760010,723.229980,723.229980,0
2010-11-05,709.219971,727.000000,709.219971,726.140015,726.140015,0
2010-11-08,725.020020,725.619995,721.330017,724.929993,724.929993,0
2010-11-09,725.359985,727.309998,716.030029,718.690002,718.690002,0
2010-11-10,718.669983,722.599976,713.450012,722.580017,722.580017,0
2010-11-11,720.960022,721.159973,714.090027,719.849976,719.849976,0
2010-11-12,718.840027,718.840027,707.989990,710.739990,710.739990,0
2010-11-15,711.719971,715.989990,709.890015,710.169983,710.169983,0
2010-11-16,708.270020,708.270020,695.130005,698.349976,698.349976,0
2010-11-17,698.419983,701.700012,697.099976,699.070007,699.070007,0
2010-11-18,701.309998,712.059998,701.309998,709.900024,709.900024,0
2010-11-19,709.669983,712.260010,705.539978,712.109985,712.109985,0
2010-11-22,711.020020,712.270020,704.080017,711.859985,711.859985,0
2010-11-23,709.010010,709.010010,699.599976,702.070007,702.070007,0
2010-11-24,704.390015,713.489990,704.390015,713.400024,713.400024,0
2010-11-26,713.260010,713.260010,706.719971,708.369995,708.369995,0
2010-11-29,708.210022,708.799988,698.760010,707.330017,707.330017,0
2010-11-30,704.619995,706.830017,699.119995,702.919983,702.919983,0
2010-12-01,704.619995,718.849976,699.119995,718.010010,718.010010,0
2010-12-02,718.000000,727.049988,718.000000,727.000000,727.000000,0
2010-12-03,718.000000,730.119995,718.000000,729.549988,729.549988,0
2010-12-06,729.280029,730.690002,727.119995,729.190002,729.190002,0
2010-12-07,731.109985,736.390015,729.299988,729.640015,729.640015,0
2010-12-08,730.169983,732.719971,727.030029,731.559998,731.559998,0
2010-12-09,730.169983,735.299988,727.030029,734.280029,734.280029,0
2010-12-10,735.679993,739.429993,734.039978,739.169983,739.169983,0
2010-12-13,739.429993,742.440002,738.530029,738.609985,738.609985,0
2010-12-14,739.429993,742.440002,737.179993,739.169983,739.169983,0
2010-12-15,738.890015,741.460022,734.780029,735.369995,735.369995,0
2010-12-16,738.890015,741.460022,734.070007,740.479980,740.479980,0
2010-12-17,735.739990,742.700012,734.070007,741.590027,741.590027,0
2010-12-20,741.580017,745.400024,740.169983,743.489990,743.489990,0
2010-12-21,744.750000,749.059998,744.750000,748.419983,748.419983,0
2010-12-22,744.750000,751.340027,743.409973,750.710022,750.710022,0
2010-12-23,750.190002,750.840027,748.030029,749.409973,749.409973,0
2010-12-27,748.169983,750.510010,746.090027,750.010010,750.010010,0
2010-12-28,748.169983,751.270020,746.090027,750.090027,750.090027,0
2010-12-29,750.479980,752.710022,748.739990,751.200012,751.200012,0
2010-12-30,750.270020,752.710022,749.780029,750.299988,750.299988,0
2010-12-31,751.039978,752.320007,748.169983,749.479980,749.479980,0
2011-01-03,752.169983,761.099976,752.169983,758.409973,758.409973,0
2011-01-04,758.390015,759.890015,751.179993,755.989990,755.989990,0
2011-01-05,758.390015,760.719971,751.179993,760.229980,760.229980,0
2011-01-06,754.940002,761.359985,753.159973,758.559998,758.559998,0
2011-01-07,760.229980,761.359985,750.840027,757.130005,757.130005,0
2011-01-10,755.809998,758.049988,751.200012,756.880005,756.880005,0
2011-01-11,758.419983,761.479980,756.929993,759.849976,759.849976,0
2011-01-12,760.109985,766.960022,760.109985,766.450012,766.450012,0
2011-01-13,766.320007,767.159973,763.349976,765.320007,765.320007,0
2011-01-14,764.719971,770.919983,763.760010,770.919983,770.919983,0
2011-01-18,769.890015,772.640015,769.140015,772.440002,772.440002,0
2011-01-19,772.000000,772.090027,761.409973,763.080017,763.080017,0
2011-01-20,772.000000,772.359985,755.849976,760.929993,760.929993,0
2011-01-21,761.909973,767.140015,755.849976,761.809998,761.809998,0
2011-01-24,762.030029,767.510010,761.429993,766.690002,766.690002,0
2011-01-25,765.359985,766.950012,760.919983,766.950012,766.950012,0
2011-01-26,766.950012,773.150024,766.950012,771.599976,771.599976,0
2011-01-27,772.190002,774.619995,770.099976,773.510010,773.510010,0
2011-01-28,773.580017,775.210022,758.539978,759.320007,759.320007,0
2011-01-31,760.070007,766.299988,760.070007,765.140015,765.140015,0
2011-02-01,766.760010,778.909973,766.760010,778.190002,778.190002,0
2011-02-02,777.500000,778.609985,775.190002,776.119995,776.119995,0
2011-02-03,775.500000,778.900024,770.450012,778.070007,778.070007,0
2011-02-04,778.270020,780.340027,774.929993,780.250000,780.250000,0
2011-02-07,780.919983,787.890015,780.919983,785.489990,785.489990,0
2011-02-08,785.289978,789.000000,783.640015,788.929993,788.929993,0
2011-02-09,787.950012,788.919983,783.179993,786.530029,786.530029,0
2011-02-10,784.210022,788.229980,781.380005,787.669983,787.669983,0
2011-02-11,786.340027,793.429993,784.530029,792.650024,792.650024,0
2011-02-14,792.549988,795.409973,791.830017,795.020020,795.020020,0
2011-02-15,794.400024,794.400024,790.380005,791.950012,791.950012,0
2011-02-16,793.359985,798.059998,793.359985,797.340027,797.340027,0
2011-02-17,796.330017,800.869995,794.520020,800.130005,800.130005,0
2011-02-18,800.380005,802.260010,798.400024,801.289978,801.289978,0
2011-02-22,798.510010,798.510010,782.419983,784.059998,784.059998,0
2011-02-23,783.979980,785.549988,773.150024,778.000000,778.000000,0
2011-02-24,778.070007,780.969971,770.729980,777.820007,777.820007,0
2011-02-25,779.200012,787.669983,779.200012,787.580017,787.580017,0
2011-02-28,788.580017,793.080017,787.320007,791.440002,791.440002,0
2011-03-01,792.320007,794.080017,778.260010,778.599976,778.599976,0
2011-03-02,778.109985,783.739990,776.559998,780.260010,780.260010,0
2011-03-03,780.219971,794.909973,780.219971,794.169983,794.169983,0
2011-03-04,794.169983,794.219971,783.510010,788.609985,788.609985,0
2011-03-07,788.919983,792.299988,777.229980,781.260010,781.260010,0
2011-03-08,781.409973,790.940002,778.929993,788.539978,788.539978,0
2011-03-09,787.440002,789.380005,782.869995,787.130005,787.130005,0
2011-03-10,783.669983,783.669983,771.469971,771.809998,771.809998,0
2011-03-11,770.390015,779.530029,769.479980,777.039978,777.039978,0
2011-03-14,774.890015,774.890015,766.609985,772.450012,772.450012,0
2011-03-15,772.450012,772.450012,751.309998,764.239990,764.239990,0
2011-03-16,763.289978,764.580017,746.010010,750.500000,750.500000,0
2011-03-17,753.679993,763.109985,753.679993,759.450012,759.450012,0
2011-03-18,762.140015,768.250000,761.369995,763.219971,763.219971,0
2011-03-21,766.280029,776.340027,766.280029,775.440002,775.440002,0
2011-03-22,775.570007,776.200012,771.700012,772.419983,772.419983,0
2011-03-23,771.440002,776.330017,766.469971,774.539978,774.539978,0
2011-03-24,776.609985,782.869995,774.340027,781.770020,781.770020,0
2011-03-25,783.159973,788.630005,782.349976,784.919983,784.919983,0
2011-03-28,785.900024,788.489990,782.599976,782.599976,782.599976,0
2011-03-29,782.080017,788.400024,779.599976,788.400024,788.400024,0
2011-03-30,790.229980,796.039978,790.229980,794.500000,794.500000,0
2011-03-31,794.000000,795.700012,792.700012,793.849976,793.849976,0
2011-04-01,795.669983,800.900024,795.619995,797.919983,797.919983,0
2011-04-04,797.849976,800.559998,796.169983,798.419983,798.419983,0
2011-04-05,798.409973,802.320007,796.739990,798.880005,798.880005,0
2011-04-06,800.559998,803.080017,797.599976,800.190002,800.190002,0
2011-04-07,800.150024,802.229980,794.809998,798.419983,798.419983,0
2011-04-08,800.099976,802.119995,791.549988,794.719971,794.719971,0
2011-04-11,795.200012,797.789978,789.690002,791.840027,791.840027,0
2011-04-12,790.419983,790.419983,782.630005,785.090027,785.090027,0
2011-04-13,787.510010,789.750000,782.400024,785.750000,785.750000,0
2011-04-14,783.429993,787.200012,778.650024,786.099976,786.099976,0
2011-04-15,785.799988,791.409973,785.340027,789.900024,789.900024,0
2011-04-18,786.859985,786.859985,774.590027,780.590027,780.590027,0
2011-04-19,780.580017,784.830017,779.729980,784.830017,784.830017,0
2011-04-20,785.640015,797.210022,785.640015,796.159973,796.159973,0
2011-04-21,797.309998,800.729980,797.309998,800.729980,800.729980,0
2011-04-25,800.489990,800.830017,796.950012,799.549988,799.549988,0
2011-04-26,800.679993,808.409973,800.679993,806.840027,806.840027,0
2011-04-27,806.719971,812.739990,804.840027,811.859985,811.859985,0
2011-04-28,811.299988,815.239990,810.539978,814.520020,814.520020,0
2011-04-29,814.590027,817.349976,813.510010,816.659973,816.659973,0
2011-05-02,816.679993,820.700012,812.960022,814.380005,814.380005,0
2011-05-03,813.669983,813.950012,805.969971,810.229980,810.229980,0
2011-05-04,810.320007,810.320007,800.549988,804.169983,804.169983,0
2011-05-05,802.359985,805.539978,794.239990,797.739990,797.739990,0
2011-05-06,797.650024,809.330017,797.650024,800.909973,800.909973,0
2011-05-09,800.849976,807.169983,800.330017,805.429993,805.429993,0
2011-05-10,806.609985,813.799988,806.609985,812.619995,812.619995,0
2011-05-11,812.260010,812.260010,799.760010,803.159973,803.159973,0
2011-05-12,801.479980,808.650024,796.789978,807.200012,807.200012,0
2011-05-13,807.140015,808.330017,797.820007,800.169983,800.169983,0
2011-05-16,798.469971,803.460022,793.359985,794.380005,794.380005,0
2011-05-17,792.640015,794.580017,787.380005,793.429993,793.429993,0
2011-05-18,793.460022,802.010010,792.500000,801.409973,801.409973,0
2011-05-19,802.650024,805.320007,798.530029,803.070007,803.070007,0
2011-05-20,802.950012,802.950012,795.030029,797.200012,797.200012,0
2011-05-23,793.710022,793.710022,784.719971,786.979980,786.979980,0
2011-05-24,787.510010,790.969971,784.489990,786.010010,786.010010,0
2011-05-25,785.710022,792.460022,783.330017,789.530029,789.530029,0
2011-05-26,788.190002,794.940002,786.169983,793.590027,793.590027,0
2011-05-27,793.729980,799.250000,793.729980,797.200012,797.200012,0
2011-05-31,800.340027,805.739990,799.229980,805.739990,805.739990,0
2011-06-01,804.619995,804.619995,786.349976,786.830017,786.830017,0
2011-06-02,787.179993,789.369995,781.739990,786.020020,786.020020,0
2011-06-03,786.010010,786.010010,776.619995,777.799988,777.799988,0
2011-06-06,777.789978,777.789978,768.190002,768.770020,768.770020,0
2011-06-07,770.570007,775.119995,768.469971,768.609985,768.609985,0
2011-06-08,767.539978,769.330017,763.359985,764.500000,764.500000,0
2011-06-09,765.289978,773.020020,764.710022,769.809998,769.809998,0
2011-06-10,768.070007,768.070007,757.140015,758.700012,758.700012,0
2011-06-13,759.469971,762.609985,754.840027,758.500000,758.500000,0
2011-06-14,758.460022,771.590027,758.460022,768.960022,768.960022,0
2011-06-15,766.119995,766.119995,753.669983,755.690002,755.690002,0
2011-06-16,755.789978,760.710022,750.599976,756.630005,756.630005,0
2011-06-17,758.450012,763.729980,756.219971,758.559998,758.559998,0
2011-06-20,757.210022,764.250000,756.280029,762.950012,762.950012,0
2011-06-21,764.900024,775.200012,764.900024,774.229980,774.229980,0
2011-06-22,772.929993,776.190002,769.150024,769.340027,769.340027,0
2011-06-23,766.750000,768.210022,755.049988,767.849976,767.849976,0
2011-06-24,767.619995,768.320007,758.409973,759.320007,759.320007,0
2011-06-27,759.250000,768.559998,758.200012,765.940002,765.940002,0
2011-06-28,765.750000,776.200012,765.750000,776.200012,776.200012,0
2011-06-29,777.500000,783.690002,776.479980,782.380005,782.380005,0
2011-06-30,783.760010,790.929993,783.760010,790.000000,790.000000,0
2011-07-01,790.299988,802.340027,788.659973,801.590027,801.590027,0
2011-07-05,801.460022,802.700012,798.469971,801.070007,801.070007,0
2011-07-06,799.880005,803.359985,796.929993,802.340027,802.340027,0
2011-07-07,802.289978,812.869995,802.289978,811.020020,811.020020,0
2011-07-08,810.750000,810.750000,799.169983,805.530029,805.530029,0
2011-07-11,802.229980,802.229980,788.340027,790.080017,790.080017,0
2011-07-12,789.239990,794.390015,786.349976,786.559998,786.559998,0
2011-07-13,789.260010,797.770020,787.929993,789.500000,789.500000,0
2011-07-14,790.280029,794.950012,781.719971,783.119995,783.119995,0
2011-07-15,784.880005,788.599976,782.580017,787.840027,787.840027,0
2011-07-18,787.809998,787.809998,775.049988,780.409973,780.409973,0
2011-07-19,780.409973,794.489990,780.409973,793.780029,793.780029,0
2011-07-20,794.820007,795.950012,791.359985,793.080017,793.080017,0
2011-07-21,794.510010,804.909973,794.510010,803.270020,803.270020,0
2011-07-22,803.330017,805.059998,799.349976,804.320007,804.320007,0
2011-07-25,801.979980,803.229980,795.690002,799.010010,799.010010,0
2011-07-26,798.900024,799.419983,794.090027,795.400024,795.400024,0
2011-07-27,793.049988,793.049988,777.229980,778.020020,778.020020,0
2011-07-28,778.109985,785.190002,774.659973,775.530029,775.530029,0
2011-07-29,775.510010,777.659973,763.940002,771.109985,771.109985,0
2011-08-01,773.830017,780.400024,760.830017,767.849976,767.849976,0
2011-08-02,767.840027,767.840027,747.239990,747.239990,747.239990,0
2011-08-03,747.770020,751.710022,734.369995,751.239990,751.239990,0
2011-08-04,747.590027,747.590027,713.070007,713.159973,713.159973,0
2011-08-05,715.690002,723.530029,691.809998,710.400024,710.400024,0
2011-08-08,704.309998,704.309998,660.419983,660.419983,660.419983,0
2011-08-09,664.169983,694.280029,650.750000,694.150024,694.150024,0
2011-08-10,689.919983,689.919983,662.650024,664.130005,664.130005,0
2011-08-11,667.109985,703.789978,667.109985,695.700012,695.700012,0
2011-08-12,697.570007,705.280029,694.369995,699.289978,699.289978,0
2011-08-15,701.150024,715.390015,701.150024,715.390015,715.390015,0
2011-08-16,711.890015,714.159973,700.510010,707.460022,707.460022,0
2011-08-17,708.929993,716.640015,701.900024,707.450012,707.450012,0
2011-08-18,702.229980,702.229980,668.679993,674.210022,674.210022,0
2011-08-19,671.650024,682.840027,662.960022,663.700012,663.700012,0
2011-08-22,667.260010,677.169983,661.989990,663.690002,663.690002,0
2011-08-23,665.440002,687.489990,663.010010,687.489990,687.489990,0
2011-08-24,686.059998,697.219971,683.429993,696.580017,696.580017,0
2011-08-25,698.630005,704.359985,682.869995,684.659973,684.659973,0
2011-08-26,682.739990,698.700012,671.010010,696.460022,696.460022,0
2011-08-29,700.000000,718.140015,700.000000,718.039978,718.039978,0
2011-08-30,715.919983,724.250000,709.380005,720.090027,720.090027,0
2011-08-31,721.719971,730.700012,717.419983,723.150024,723.150024,0
2011-09-01,723.510010,729.330017,713.109985,713.510010,713.510010,0
2011-09-02,712.530029,712.530029,692.440002,694.580017,694.580017,0
2011-09-06,689.669983,690.750000,674.539978,689.700012,689.700012,0
2011-09-07,693.599976,710.830017,693.599976,710.830017,710.830017,0
2011-09-08,709.049988,714.150024,700.900024,702.580017,702.580017,0
2011-09-09,700.250000,700.250000,679.820007,683.580017,683.580017,0
2011-09-12,680.809998,688.260010,672.770020,688.229980,688.229980,0
2011-09-13,688.849976,697.460022,685.719971,695.510010,695.510010,0
2011-09-14,697.820007,713.419983,689.380005,705.409973,705.409973,0
2011-09-15,708.700012,716.979980,705.989990,716.979980,716.979980,0
2011-09-16,717.400024,723.150024,713.750000,720.380005,720.380005,0
2011-09-19,717.080017,717.080017,703.500000,712.840027,712.840027,0
2011-09-20,714.710022,722.299988,709.929993,709.929993,709.929993,0
2011-09-21,710.250000,712.510010,688.239990,688.489990,688.489990,0
2011-09-22,682.369995,682.369995,656.830017,665.929993,665.929993,0
2011-09-23,664.380005,673.539978,661.450012,670.679993,670.679993,0
2011-09-26,672.719971,686.419983,666.380005,685.739990,685.739990,0
2011-09-27,689.309998,706.619995,689.309998,694.070007,694.070007,0
2011-09-28,695.130005,699.039978,677.440002,677.789978,677.789978,0
2011-09-29,678.659973,692.580017,670.750000,683.369995,683.369995,0
2011-09-30,680.059998,680.059998,665.929993,665.969971,665.969971,0
2011-10-03,664.109985,670.359985,644.309998,644.450012,644.450012,0
2011-10-04,642.239990,662.250000,630.590027,661.789978,661.789978,0
2011-10-05,661.159973,675.340027,656.679993,673.799988,673.799988,0
2011-10-06,673.190002,687.349976,668.809998,687.059998,687.059998,0
2011-10-07,688.179993,690.770020,677.090027,679.950012,679.950012,0
2011-10-10,684.239990,703.750000,684.239990,703.739990,703.739990,0
2011-10-11,701.229980,706.650024,698.919983,704.419983,704.419983,0
2011-10-12,706.859985,719.330017,706.859985,711.880005,711.880005,0
2011-10-13,710.619995,712.440002,701.729980,710.179993,710.179993,0
2011-10-14,714.419983,722.869995,714.419983,722.739990,722.739990,0
2011-10-17,720.780029,720.780029,706.229980,707.549988,707.549988,0
2011-10-18,707.179993,727.299988,701.520020,722.719971,722.719971,0
2011-10-19,721.140015,726.179993,710.820007,712.859985,712.859985,0
2011-10-20,712.859985,718.099976,704.349976,715.940002,715.940002,0
2011-10-21,718.549988,730.219971,718.549988,729.820007,729.820007,0
2011-10-24,730.549988,742.710022,730.549988,741.570007,741.570007,0
2011-10-25,739.890015,739.890015,724.609985,725.859985,725.859985,0
2011-10-26,728.070007,736.659973,720.799988,734.119995,734.119995,0
2011-10-27,738.929993,767.969971,738.929993,760.559998,760.559998,0
2011-10-28,758.599976,761.809998,756.219971,760.440002,760.440002,0
2011-10-31,757.260010,757.260010,741.599976,741.659973,741.659973,0
2011-11-01,736.070007,736.070007,718.320007,720.210022,720.210022,0
2011-11-02,720.159973,735.179993,720.159973,732.580017,732.580017,0
2011-11-03,734.219971,748.049988,730.219971,746.940002,746.940002,0
2011-11-04,745.679993,745.679993,733.719971,742.880005,742.880005,0
2011-11-07,745.760010,746.919983,734.229980,746.510010,746.510010,0
2011-11-08,748.580017,756.070007,742.000000,755.130005,755.130005,0
2011-11-09,750.309998,750.309998,725.359985,726.440002,726.440002,0
2011-11-10,727.280029,736.309998,725.340027,732.349976,732.349976,0
2011-11-11,735.630005,748.869995,735.630005,747.150024,747.150024,0
2011-11-14,745.580017,745.580017,736.679993,739.789978,739.789978,0
2011-11-15,738.340027,747.719971,734.960022,744.039978,744.039978,0
2011-11-16,740.619995,745.650024,731.179993,731.780029,731.780029,0
2011-11-17,731.229980,732.510010,715.580017,719.419983,719.419983,0
2011-11-18,719.979980,723.650024,716.440002,719.080017,719.080017,0
2011-11-21,715.919983,715.919983,699.820007,705.619995,705.619995,0
2011-11-22,705.570007,707.830017,698.719971,702.429993,702.429993,0
2011-11-23,699.580017,699.580017,686.169983,686.169983,686.169983,0
2011-11-25,684.909973,692.380005,683.849976,683.849976,683.849976,0
2011-11-28,688.309998,707.710022,688.309998,705.049988,705.049988,0
2011-11-29,704.840027,711.090027,704.260010,706.179993,706.179993,0
2011-11-30,710.979980,737.789978,710.979980,737.780029,737.780029,0
2011-12-01,736.609985,740.489990,733.479980,735.919983,735.919983,0
2011-12-02,738.809998,745.729980,735.570007,736.280029,736.280029,0
2011-12-05,739.809998,750.099976,739.809998,744.260010,744.260010,0
2011-12-06,744.380005,748.969971,741.400024,744.590027,744.590027,0
2011-12-07,744.429993,748.929993,735.640015,745.630005,745.630005,0
2011-12-08,742.969971,742.969971,727.210022,728.880005,728.880005,0
2011-12-09,730.469971,744.099976,730.469971,742.250000,742.250000,0
2011-12-12,738.460022,738.460022,725.330017,730.969971,730.969971,0
2011-12-13,732.630005,738.840027,719.580017,723.280029,723.280029,0
2011-12-14,721.710022,721.919983,713.090027,714.549988,714.549988,0
2011-12-15,717.940002,722.669983,716.020020,717.559998,717.559998,0
2011-12-16,718.780029,727.489990,717.809998,720.739990,720.739990,0
2011-12-19,721.989990,724.039978,709.840027,711.450012,711.450012,0
2011-12-20,716.200012,734.280029,716.200012,733.520020,733.520020,0
2011-12-21,732.409973,735.950012,726.020020,735.030029,735.030029,0
2011-12-22,736.299988,742.140015,736.130005,741.239990,741.239990,0
2011-12-23,742.549988,747.429993,742.159973,747.409973,747.409973,0
2011-12-27,746.330017,749.820007,745.289978,747.820007,747.820007,0
2011-12-28,747.679993,747.909973,737.049988,737.549988,737.549988,0
2011-12-29,738.880005,746.059998,738.880005,745.700012,745.700012,0
2011-12-30,745.130005,746.359985,742.460022,742.580017,742.580017,0
2012-01-03,746.969971,758.840027,746.969971,753.739990,753.739990,0
2012-01-04,752.390015,754.349976,748.000000,753.309998,753.309998,0
2012-01-05,752.130005,757.419983,745.880005,756.190002,756.190002,0
2012-01-06,756.169983,757.200012,751.619995,754.510010,754.510010,0
2012-01-09,755.849976,757.369995,752.619995,756.590027,756.590027,0
2012-01-10,758.349976,766.059998,758.349976,763.940002,763.940002,0
2012-01-11,762.659973,765.460022,760.270020,764.719971,764.719971,0
2012-01-12,765.619995,767.409973,760.580017,766.789978,766.789978,0
2012-01-13,763.640015,763.640015,756.059998,762.700012,762.700012,0
2012-01-17,765.960022,770.890015,763.640015,765.219971,765.219971,0
2012-01-18,765.359985,774.469971,763.750000,774.469971,774.469971,0
2012-01-19,775.250000,779.250000,774.789978,778.479980,778.479980,0
2012-01-20,777.159973,778.950012,775.570007,778.950012,778.950012,0
2012-01-23,778.869995,783.210022,775.359985,779.109985,779.109985,0
2012-01-24,777.200012,779.270020,773.059998,779.200012,779.200012,0
2012-01-25,779.869995,787.690002,775.390015,786.489990,786.489990,0
2012-01-26,787.510010,791.080017,779.320007,782.150024,782.150024,0
2012-01-27,780.289978,784.059998,779.299988,782.059998,782.059998,0
2012-01-30,781.840027,781.840027,772.380005,779.570007,779.570007,0
2012-01-31,781.909973,782.780029,775.880005,779.219971,779.219971,0
2012-02-01,780.770020,790.909973,780.770020,787.619995,787.619995,0
2012-02-02,788.219971,791.090027,786.440002,788.809998,788.809998,0
2012-02-03,792.070007,801.200012,792.070007,801.039978,801.039978,0
2012-02-06,799.280029,800.590027,796.619995,800.559998,800.559998,0
2012-02-07,799.409973,803.109985,795.590027,801.859985,801.859985,0
2012-02-08,801.609985,804.619995,798.559998,803.469971,803.469971,0
2012-02-09,804.270020,805.770020,799.900024,804.510010,804.510010,0
2012-02-10,803.820007,803.820007,795.369995,798.239990,798.239990,0
2012-02-13,800.880005,805.090027,800.479980,804.289978,804.289978,0
2012-02-14,802.859985,803.270020,797.700012,803.229980,803.229980,0
2012-02-15,804.130005,806.739990,797.619995,799.080017,799.080017,0
2012-02-16,798.900024,809.299988,798.349976,808.830017,808.830017,0
2012-02-17,809.099976,811.830017,808.010010,810.049988,810.049988,0
2012-02-21,810.869995,813.429993,807.250000,809.729980,809.729980,0
2012-02-22,808.840027,810.169983,805.520020,806.700012,806.700012,0
2012-02-23,806.640015,811.590027,803.530029,811.200012,811.200012,0
2012-02-24,811.719971,814.400024,811.030029,812.229980,812.229980,0
2012-02-27,809.900024,815.609985,805.030029,813.099976,813.099976,0
2012-02-28,813.380005,816.190002,811.880005,814.969971,814.969971,0
2012-02-29,815.469971,818.640015,809.559998,810.359985,810.359985,0
2012-03-01,811.669983,817.299988,811.669983,815.520020,815.520020,0
2012-03-02,814.929993,816.000000,809.780029,811.789978,811.789978,0
2012-03-05,811.650024,811.650024,805.419983,808.729980,808.729980,0
2012-03-06,805.390015,805.390015,793.619995,795.570007,795.570007,0
2012-03-07,796.770020,802.869995,796.770020,801.659973,801.659973,0
2012-03-08,804.109985,811.400024,804.109985,809.909973,809.909973,0
2012-03-09,810.469971,816.130005,810.469971,813.789978,813.789978,0
2012-03-12,813.830017,815.140015,810.890015,813.289978,813.289978,0
2012-03-13,815.969971,828.320007,815.969971,828.289978,828.289978,0
2012-03-14,828.409973,829.969971,823.890015,826.340027,826.340027,0
2012-03-15,827.169983,831.719971,825.330017,831.710022,831.710022,0
2012-03-16,831.909973,833.409973,830.640015,832.309998,832.309998,0
2012-03-19,832.239990,838.650024,831.130005,835.820007,835.820007,0
2012-03-20,833.369995,833.630005,828.179993,832.469971,832.469971,0
2012-03-21,832.840027,834.010010,829.770020,831.320007,831.320007,0
2012-03-22,828.330017,828.330017,822.239990,824.849976,824.849976,0
2012-03-23,825.219971,829.150024,821.080017,828.140015,828.140015,0
2012-03-26,830.609985,839.989990,830.609985,839.989990,839.989990,0
2012-03-27,840.260010,841.510010,836.929993,837.179993,837.179993,0
2012-03-28,836.919983,837.890015,827.700012,832.809998,832.809998,0
2012-03-29,830.380005,832.390015,824.159973,831.559998,831.559998,0
2012-03-30,833.010010,835.919983,830.090027,834.080017,834.080017,0
2012-04-02,833.309998,842.479980,831.599976,839.070007,839.070007,0
2012-04-03,840.359985,840.760010,832.440002,837.469971,837.469971,0
2012-04-04,834.630005,834.630005,825.289978,828.169983,828.169983,0
2012-04-05,826.460022,829.710022,824.840027,827.419983,827.419983,0
2012-04-09,823.500000,823.500000,815.119995,817.510010,817.510010,0
2012-04-10,816.859985,817.969971,802.010010,802.530029,802.530029,0
2012-04-11,805.950012,812.440002,805.950012,809.369995,809.369995,0
2012-04-12,809.710022,821.440002,809.710022,820.989990,820.989990,0
2012-04-13,820.659973,820.659973,810.599976,810.729980,810.729980,0
2012-04-16,810.729980,816.309998,807.489990,810.390015,810.390015,0
2012-04-17,812.659973,824.549988,812.659973,822.880005,822.880005,0
2012-04-18,822.409973,822.409973,818.130005,819.359985,819.359985,0
2012-04-19,819.270020,823.280029,810.969971,814.919983,814.919983,0
2012-04-20,814.909973,821.390015,814.909973,816.130005,816.130005,0
2012-04-23,812.619995,812.619995,803.330017,808.640015,808.640015,0
2012-04-24,808.750000,813.780029,808.650024,811.580017,811.580017,0
2012-04-25,816.630005,823.510010,816.630005,823.229980,823.229980,0
2012-04-26,822.989990,830.210022,821.340027,828.940002,828.940002,0
2012-04-27,830.450012,833.299988,826.969971,831.590027,831.590027,0
2012-04-30,831.580017,831.580017,825.630005,827.679993,827.679993,0
2012-05-01,827.570007,838.349976,826.520020,831.799988,831.799988,0
2012-05-02,829.590027,831.090027,824.849976,830.400024,830.400024,0
2012-05-03,830.469971,830.510010,821.070007,822.869995,822.869995,0
2012-05-04,820.210022,820.210022,808.799988,809.520020,809.520020,0
2012-05-07,807.919983,812.479980,806.580017,810.020020,810.020020,0
2012-05-08,807.489990,807.799988,796.690002,806.780029,806.780029,0
2012-05-09,806.539978,806.780029,794.469971,801.679993,801.679993,0
2012-05-10,802.250000,808.270020,801.880005,803.710022,803.710022,0
2012-05-11,801.570007,808.190002,798.260010,801.409973,801.409973,0
2012-05-14,801.359985,801.359985,791.080017,792.159973,792.159973,0
2012-05-15,792.359985,796.210022,786.489990,787.849976,787.849976,0
2012-05-16,788.380005,794.440002,784.049988,784.049988,784.049988,0
2012-05-17,784.150024,784.960022,770.729980,770.729980,770.729980,0
2012-05-18,770.729980,775.109985,762.700012,764.489990,764.489990,0
2012-05-21,765.340027,778.039978,764.869995,777.849976,777.849976,0
2012-05-22,778.750000,785.090027,774.039978,777.950012,777.950012,0
2012-05-23,775.890015,780.830017,766.010010,779.830017,779.830017,0
2012-05-24,780.770020,782.840027,774.570007,780.950012,780.950012,0
2012-05-25,781.020020,782.849976,777.390015,779.510010,779.510010,0
2012-05-29,782.369995,789.950012,782.369995,788.489990,788.489990,0
2012-05-30,785.510010,785.510010,775.099976,776.380005,776.380005,0
2012-05-31,776.429993,779.840027,767.320007,774.609985,774.609985,0
2012-06-01,770.520020,770.520020,754.239990,754.619995,754.619995,0
2012-06-04,755.380005,757.520020,747.179993,754.109985,754.109985,0
2012-06-05,752.580017,760.469971,751.650024,759.440002,759.440002,0
2012-06-06,759.609985,777.070007,759.609985,777.070007,777.070007,0
2012-06-07,780.059998,785.659973,775.000000,776.150024,776.150024,0
2012-06-08,776.150024,785.659973,771.510010,782.559998,782.559998,0
2012-06-11,785.440002,788.520020,770.799988,771.450012,771.450012,0
2012-06-12,773.099976,780.590027,769.969971,780.489990,780.489990,0
2012-06-13,778.849976,782.150024,771.719971,774.229980,774.229980,0
2012-06-14,775.059998,784.789978,773.630005,782.400024,782.400024,0
2012-06-15,782.640015,790.760010,782.640015,790.500000,790.500000,0
2012-06-18,788.609985,794.099976,785.320007,792.179993,792.179993,0
2012-06-19,793.909973,803.739990,793.909973,800.580017,800.580017,0
2012-06-20,801.159973,802.979980,794.190002,799.280029,799.280029,0
2012-06-21,799.299988,800.559998,780.409973,781.000000,781.000000,0
2012-06-22,782.960022,788.440002,782.080017,786.849976,786.849976,0
2012-06-25,786.770020,786.770020,771.400024,774.039978,774.039978,0
2012-06-26,775.460022,780.419983,771.929993,777.909973,777.909973,0
2012-06-27,779.119995,786.419983,779.119995,785.059998,785.059998,0
2012-06-28,782.299988,783.969971,774.140015,783.650024,783.650024,0
2012-06-29,788.880005,803.640015,788.880005,803.630005,803.630005,0
2012-07-02,804.190002,806.469971,800.169983,806.469971,806.469971,0
2012-07-03,806.210022,812.650024,805.700012,812.359985,812.359985,0
2012-07-05,811.239990,812.609985,806.080017,809.150024,809.150024,0
2012-07-06,806.299988,806.299988,797.320007,801.099976,801.099976,0
2012-07-09,800.419983,801.109985,796.169983,799.460022,799.460022,0
2012-07-10,801.700012,804.859985,789.429993,792.469971,792.469971,0
2012-07-11,792.099976,794.549988,787.179993,791.880005,791.880005,0
2012-07-12,789.250000,791.159973,781.880005,788.239990,788.239990,0
2012-07-13,789.340027,801.460022,789.340027,800.929993,800.929993,0
2012-07-16,799.849976,800.960022,795.679993,798.679993,798.679993,0
2012-07-17,798.929993,805.219971,793.380005,804.250000,804.250000,0
2012-07-18,802.710022,811.250000,801.539978,809.510010,809.510010,0
2012-07-19,811.020020,813.729980,808.330017,811.320007,811.320007,0
2012-07-20,810.080017,810.080017,802.679993,802.869995,802.869995,0
2012-07-23,797.440002,797.440002,787.619995,794.969971,794.969971,0
2012-07-24,795.229980,795.650024,782.320007,787.210022,787.210022,0
2012-07-25,787.549988,791.049988,783.750000,787.390015,787.390015,0
2012-07-26,792.020020,801.349976,792.020020,799.650024,799.650024,0
2012-07-27,801.500000,817.190002,801.500000,815.309998,815.309998,0
2012-07-30,815.200012,818.500000,812.159973,814.340027,814.340027,0
2012-07-31,814.080017,815.630005,810.559998,810.650024,810.650024,0
2012-08-01,812.809998,814.140015,806.500000,806.859985,806.859985,0
2012-08-02,804.239990,806.419983,795.599976,801.229980,801.229980,0
2012-08-03,805.440002,818.760010,805.440002,816.849976,816.849976,0
2012-08-06,817.690002,822.280029,817.690002,819.289978,819.289978,0
2012-08-07,819.289978,827.590027,816.840027,824.039978,824.039978,0
2012-08-08,822.049988,825.690002,821.010010,824.419983,824.419983,0
2012-08-09,823.880005,826.890015,822.869995,825.159973,825.159973,0
2012-08-10,823.500000,826.739990,821.119995,826.669983,826.669983,0
2012-08-13,825.770020,826.200012,820.989990,825.460022,825.460022,0
2012-08-14,826.770020,829.130005,823.190002,825.080017,825.080017,0
2012-08-15,824.520020,827.890015,823.880005,826.950012,826.950012,0
2012-08-16,827.429993,834.200012,825.919983,833.169983,833.169983,0
2012-08-17,833.489990,835.489990,832.650024,835.250000,835.250000,0
2012-08-20,834.549988,834.760010,831.219971,834.760010,834.760010,0
2012-08-21,835.900024,840.400024,830.940002,832.330017,832.330017,0
2012-08-22,831.760010,833.799988,828.340027,832.250000,832.250000,0
2012-08-23,830.989990,830.989990,824.700012,825.760010,825.760010,0
2012-08-24,825.239990,832.059998,823.359985,830.659973,830.659973,0
2012-08-27,832.070007,833.580017,829.450012,830.260010,830.260010,0
2012-08-28,829.450012,832.530029,827.719971,830.309998,830.309998,0
2012-08-29,830.419983,833.190002,828.659973,831.270020,831.270020,0
2012-08-30,831.159973,831.159973,823.190002,824.679993,824.679993,0
2012-08-31,827.340027,832.309998,824.010010,828.859985,828.859985,0
2012-09-04,828.099976,831.590027,823.099976,829.429993,829.429993,0
2012-09-05,829.130005,831.669983,827.179993,828.619995,828.619995,0
2012-09-06,831.030029,845.510010,831.030029,845.510010,845.510010,0
2012-09-07,845.520020,849.250000,845.520020,849.239990,849.239990,0
2012-09-10,848.609985,849.690002,844.250000,844.299988,844.299988,0
2012-09-11,844.349976,849.250000,844.349976,846.820007,846.820007,0
2012-09-12,847.390015,850.179993,846.690002,848.859985,848.859985,0
2012-09-13,848.950012,864.280029,847.840027,861.929993,861.929993,0
2012-09-14,862.960022,871.250000,862.780029,866.469971,866.469971,0
2012-09-17,865.760010,865.760010,860.880005,862.859985,862.859985,0
2012-09-18,862.130005,862.580017,859.669983,861.369995,861.369995,0
2012-09-19,861.549988,864.729980,860.590027,862.510010,862.510010,0
2012-09-20,860.369995,861.760010,855.460022,861.169983,861.169983,0
2012-09-21,862.530029,865.750000,861.200012,861.510010,861.510010,0
2012-09-24,858.849976,861.599976,856.659973,859.239990,859.239990,0
2012-09-25,860.239990,862.770020,849.520020,849.520020,849.520020,0
2012-09-26,848.989990,849.130005,842.760010,844.640015,844.640015,0
2012-09-27,845.359985,854.710022,845.359985,852.979980,852.979980,0
2012-09-28,851.070007,852.380005,846.159973,849.280029,849.280029,0
2012-10-01,850.789978,858.460022,849.070007,851.190002,851.190002,0
2012-10-02,852.820007,855.190002,848.419983,852.200012,852.200012,0
2012-10-03,853.190002,857.109985,849.900024,854.859985,854.859985,0
2012-10-04,856.030029,861.539978,856.030029,861.000000,861.000000,0
2012-10-05,862.450012,867.059998,858.460022,860.710022,860.710022,0
2012-10-08,858.609985,858.909973,856.030029,857.559998,857.559998,0
2012-10-09,855.469971,855.469971,848.650024,848.840027,848.840027,0
2012-10-10,848.940002,849.489990,842.679993,843.950012,843.950012,0
2012-10-11,846.570007,851.059998,844.750000,844.750000,844.750000,0
2012-10-12,844.830017,847.710022,840.140015,841.690002,841.690002,0
2012-10-15,841.679993,848.849976,840.580017,848.270020,848.270020,0
2012-10-16,849.650024,857.150024,849.650024,856.900024,856.900024,0
2012-10-17,856.080017,861.549988,856.080017,860.840027,860.840027,0
2012-10-18,859.830017,862.539978,856.229980,858.739990,858.739990,0
2012-10-19,857.750000,857.750000,842.640015,844.650024,844.650024,0
2012-10-22,843.859985,845.820007,838.219971,844.700012,844.700012,0
2012-10-23,841.869995,841.869995,829.340027,833.679993,833.679993,0
2012-10-24,835.590027,837.859985,830.140015,831.159973,831.159973,0
2012-10-25,834.030029,838.280029,828.859985,833.539978,833.539978,0
2012-10-26,833.450012,835.710022,827.460022,832.520020,832.520020,0
2012-10-31,833.200012,836.419983,829.609985,833.609985,833.609985,0
2012-11-01,835.049988,843.789978,834.619995,843.559998,843.559998,0
2012-11-02,845.799988,847.260010,834.770020,835.049988,835.049988,0
2012-11-05,839.080017,839.080017,831.840027,837.219971,837.219971,0
2012-11-06,838.159973,846.270020,838.159973,843.770020,843.770020,0
2012-11-07,839.549988,839.549988,820.400024,824.049988,824.049988,0
2012-11-08,824.510010,827.630005,813.919983,813.919983,813.919983,0
2012-11-09,813.890015,821.859985,811.130005,815.239990,815.239990,0
2012-11-12,816.909973,818.020020,813.719971,815.200012,815.200012,0
2012-11-13,814.729980,819.919983,810.059998,811.869995,811.869995,0
2012-11-14,813.330017,815.070007,798.369995,799.940002,799.940002,0
2012-11-15,799.859985,802.820007,794.900024,798.289978,798.289978,0
2012-11-16,798.229980,803.919983,792.849976,802.809998,802.809998,0
2012-11-19,805.880005,818.659973,805.880005,818.659973,818.659973,0
2012-11-20,818.030029,820.409973,813.469971,819.469971,819.469971,0
2012-11-21,819.950012,821.809998,818.770020,821.750000,821.750000,0
2012-11-23,824.030029,832.169983,824.030029,832.169983,832.169983,0
2012-11-26,830.869995,830.869995,825.799988,830.840027,830.840027,0
2012-11-27,830.369995,832.679993,826.599976,827.020020,827.020020,0
2012-11-28,825.229980,833.460022,818.960022,833.320007,833.320007,0
2012-11-29,835.090027,839.159973,833.409973,837.590027,837.590027,0
2012-11-30,837.690002,839.150024,835.030029,837.830017,837.830017,0
2012-12-03,839.960022,842.219971,833.489990,834.130005,834.130005,0
2012-12-04,833.869995,836.169983,830.530029,832.940002,832.940002,0
2012-12-05,832.700012,837.479980,827.849976,834.049988,834.049988,0
2012-12-06,833.210022,836.770020,832.219971,836.770020,836.770020,0
2012-12-07,838.150024,840.419983,835.080017,839.010010,839.010010,0
2012-12-10,838.070007,841.359985,837.770020,839.890015,839.890015,0
2012-12-11,842.049988,848.280029,842.049988,845.440002,845.440002,0
2012-12-12,846.969971,851.159973,844.299988,845.260010,845.260010,0
2012-12-13,844.530029,846.979980,838.049988,839.960022,839.960022,0
2012-12-14,838.460022,839.789978,835.880005,836.849976,836.849976,0
2012-12-17,837.200012,846.700012,837.200012,846.599976,846.599976,0
2012-12-18,847.659973,857.229980,847.049988,856.659973,856.659973,0
2012-12-19,857.090027,857.349976,851.340027,851.340027,851.340027,0
2012-12-20,851.619995,855.909973,849.580017,855.909973,855.909973,0
2012-12-21,852.679993,852.679993,844.010010,848.210022,848.210022,0
2012-12-24,847.030029,847.030029,844.950012,846.130005,846.130005,0
2012-12-26,846.070007,847.599976,840.250000,841.640015,841.640015,0
2012-12-27,841.619995,843.380005,831.229980,840.710022,840.710022,0
2012-12-28,837.760010,839.510010,831.750000,832.099976,832.099976,0
2012-12-31,831.869995,846.679993,829.820007,846.369995,846.369995,0
2013-01-02,846.719971,867.960022,846.719971,867.940002,867.940002,0
2013-01-03,867.520020,871.159973,864.570007,866.679993,866.679993,0
2013-01-04,866.799988,872.229980,866.590027,871.380005,871.380005,0
2013-01-07,870.210022,870.210022,865.830017,868.690002,868.690002,0
2013-01-08,867.900024,868.159973,862.880005,866.169983,866.169983,0
2013-01-09,867.179993,870.830017,867.179993,869.030029,869.030029,0
2013-01-10,871.549988,874.900024,868.750000,874.789978,874.789978,0
2013-01-11,874.700012,875.169983,872.099976,874.849976,874.849976,0
2013-01-14,874.840027,874.909973,871.330017,874.280029,874.280029,0
2013-01-15,872.130005,876.429993,870.349976,875.919983,875.919983,0
2013-01-16,875.280029,876.390015,873.000000,875.549988,875.549988,0
2013-01-17,877.150024,883.109985,877.150024,880.880005,880.880005,0
2013-01-18,880.159973,883.710022,878.020020,883.710022,883.710022,0
2013-01-22,883.690002,888.030029,881.250000,888.030029,888.030029,0
2013-01-23,888.700012,889.710022,886.380005,888.890015,888.890015,0
2013-01-24,886.820007,893.849976,886.820007,889.609985,889.609985,0
2013-01-25,890.429993,894.929993,890.409973,894.859985,894.859985,0
2013-01-28,895.059998,895.159973,890.780029,893.359985,893.359985,0
2013-01-29,892.820007,897.520020,891.619995,896.979980,896.979980,0
2013-01-30,896.780029,898.010010,891.880005,892.969971,892.969971,0
2013-01-31,892.739990,894.369995,890.510010,891.789978,891.789978,0
2013-02-01,893.940002,901.369995,893.940002,900.599976,900.599976,0
2013-02-04,898.200012,898.200012,889.849976,890.289978,890.289978,0
2013-02-05,892.049988,901.270020,892.049988,899.359985,899.359985,0
2013-02-06,897.400024,900.429993,895.570007,900.429993,900.429993,0
2013-02-07,900.419983,900.859985,892.369995,898.640015,898.640015,0
2013-02-08,900.020020,903.900024,900.020020,903.900024,903.900024,0
2013-02-11,903.880005,903.880005,901.190002,903.190002,903.190002,0
2013-02-12,903.210022,906.450012,902.590027,904.979980,904.979980,0
2013-02-13,905.320007,908.039978,903.059998,905.789978,905.789978,0
2013-02-14,904.020020,907.590027,902.349976,906.609985,906.609985,0
2013-02-15,906.900024,908.320007,902.729980,905.770020,905.770020,0
2013-02-19,906.510010,912.359985,906.510010,912.359985,912.359985,0
2013-02-20,911.940002,911.940002,899.940002,900.159973,900.159973,0
2013-02-21,898.780029,898.780029,890.580017,893.840027,893.840027,0
2013-02-22,895.659973,902.049988,895.659973,902.049988,902.049988,0
2013-02-25,904.239990,907.580017,885.469971,885.469971,885.469971,0
2013-02-26,886.969971,891.890015,883.679993,890.750000,890.750000,0
2013-02-27,890.440002,904.599976,889.890015,902.109985,902.109985,0
2013-02-28,901.929993,907.630005,901.380005,901.619995,901.619995,0
2013-03-01,899.890015,904.200012,893.140015,903.450012,903.450012,0
2013-03-04,903.239990,907.489990,899.820007,907.469971,907.469971,0
2013-03-05,909.599976,918.409973,909.599976,916.500000,916.500000,0
2013-03-06,917.630005,919.820007,915.750000,917.729980,917.729980,0
2013-03-07,918.109985,920.450012,918.039978,919.770020,919.770020,0
2013-03-08,921.919983,925.099976,919.219971,924.450012,924.450012,0
2013-03-11,923.530029,927.070007,922.059998,927.070007,927.070007,0
2013-03-12,926.369995,927.369995,922.460022,924.900024,924.900024,0
2013-03-13,924.710022,927.530029,922.559998,926.500000,926.500000,0
2013-03-14,927.659973,932.059998,927.659973,932.049988,932.049988,0
2013-03-15,932.210022,932.210022,927.750000,930.500000,930.500000,0
2013-03-18,927.070007,929.309998,921.130005,925.520020,925.520020,0
2013-03-19,926.770020,928.630005,917.359985,923.030029,923.030029,0
2013-03-20,925.219971,931.229980,925.219971,929.770020,929.770020,0
2013-03-21,926.950012,927.570007,920.630005,922.080017,922.080017,0
2013-03-22,924.090027,928.479980,924.090027,927.989990,927.989990,0
2013-03-25,929.500000,932.979980,921.789978,925.140015,925.140015,0
2013-03-26,926.950012,931.909973,926.950012,931.890015,931.890015,0
2013-03-27,929.299988,932.340027,924.739990,931.690002,931.690002,0
2013-03-28,931.739990,936.210022,930.840027,935.520020,935.520020,0
2013-04-01,935.390015,936.140015,928.000000,930.299988,930.299988,0
2013-04-02,931.950012,936.530029,930.809998,933.479980,933.479980,0
2013-04-03,933.750000,934.270020,920.500000,922.760010,922.760010,0
2013-04-04,923.159973,927.710022,922.239990,926.830017,926.830017,0
2013-04-05,922.469971,923.919983,914.359985,923.200012,923.200012,0
2013-04-08,923.169983,929.409973,920.650024,929.409973,929.409973,0
2013-04-09,930.489990,935.280029,927.950012,932.039978,932.039978,0
2013-04-10,933.070007,944.460022,933.070007,943.799988,943.799988,0
2013-04-11,943.239990,949.570007,943.099976,947.169983,947.169983,0
2013-04-12,945.849976,945.849976,939.109985,944.409973,944.409973,0
2013-04-15,942.479980,942.479980,920.869995,920.890015,920.890015,0
2013-04-16,923.369995,934.840027,923.369995,934.450012,934.450012,0
2013-04-17,931.409973,931.409973,915.750000,920.820007,920.820007,0
2013-04-18,922.049988,922.320007,911.460022,914.690002,914.690002,0
2013-04-19,914.450012,923.659973,914.119995,923.390015,923.390015,0
2013-04-22,924.539978,929.190002,918.500000,927.380005,927.380005,0
2013-04-23,929.809998,937.700012,928.520020,937.429993,937.429993,0
2013-04-24,937.099976,940.109985,935.630005,937.979980,937.979980,0
2013-04-25,939.440002,946.530029,939.440002,942.159973,942.159973,0
2013-04-26,941.239990,942.419983,937.250000,940.049988,940.049988,0
2013-04-29,941.690002,948.469971,941.679993,946.799988,946.799988,0
2013-04-30,946.780029,949.830017,942.809998,949.830017,949.830017,0
2013-05-01,949.169983,949.169983,938.940002,939.510010,939.510010,0
2013-05-02,940.750000,949.200012,940.590027,948.640015,948.640015,0
2013-05-03,951.950012,961.469971,951.950012,958.710022,958.710022,0
2013-05-06,958.940002,962.270020,958.729980,961.099976,961.099976,0
2013-05-07,962.010010,966.539978,960.609985,966.539978,966.539978,0
2013-05-08,965.809998,970.619995,964.640015,970.619995,970.619995,0
2013-05-09,970.030029,971.809998,965.159973,967.000000,967.000000,0
2013-05-10,967.590027,971.750000,965.950012,971.750000,971.750000,0
2013-05-13,970.799988,972.900024,967.650024,971.479980,971.479980,0
2013-05-14,971.510010,981.859985,971.510010,981.539978,981.539978,0
2013-05-15,980.440002,987.919983,979.380005,986.250000,986.250000,0
2013-05-16,985.599976,987.349976,980.150024,981.309998,981.309998,0
2013-05-17,982.309998,991.280029,982.309998,991.280029,991.280029,0
2013-05-20,990.130005,994.640015,989.210022,990.840027,990.840027,0
2013-05-21,990.830017,995.679993,988.859985,992.510010,992.510010,0
2013-05-22,992.760010,1002.590027,979.010010,982.909973,982.909973,0
2013-05-23,978.820007,982.919983,971.020020,980.520020,980.520020,0
2013-05-24,977.770020,979.760010,972.010010,979.739990,979.739990,0
2013-05-28,983.500000,994.830017,983.099976,986.440002,986.440002,0
2013-05-29,983.630005,983.630005,973.770020,979.030029,979.030029,0
2013-05-30,979.820007,987.200012,979.559998,983.229980,983.229980,0
2013-05-31,981.349976,985.770020,969.979980,969.989990,969.989990,0
2013-06-03,970.929993,974.770020,964.280029,974.770020,974.770020,0
2013-06-04,974.809998,978.219971,964.469971,969.130005,969.130005,0
2013-06-05,967.489990,967.640015,954.820007,955.700012,955.700012,0
2013-06-06,955.429993,964.380005,950.169983,964.380005,964.380005,0
2013-06-07,966.159973,976.849976,966.159973,976.270020,976.270020,0
2013-06-10,977.169983,979.320007,973.700012,976.320007,976.320007,0
2013-06-11,972.909973,974.299988,963.950012,966.190002,966.190002,0
2013-06-12,968.849976,972.979980,956.960022,957.919983,957.919983,0
2013-06-13,957.309998,974.150024,955.380005,972.520020,972.520020,0
2013-06-14,971.830017,975.090027,965.369995,967.039978,967.039978,0
2013-06-17,969.469971,978.119995,969.099976,974.020020,974.020020,0
2013-06-18,974.289978,983.320007,974.289978,981.859985,981.859985,0
2013-06-19,981.840027,982.010010,968.330017,968.330017,968.330017,0
2013-06-20,964.469971,964.469971,941.549988,943.830017,943.830017,0
2013-06-21,944.530029,949.859985,937.049988,945.830017,945.830017,0
2013-06-24,943.020020,943.020020,926.619995,934.369995,934.369995,0
2013-06-25,937.520020,946.640015,936.940002,943.599976,943.599976,0
2013-06-26,943.530029,954.450012,943.530029,952.140015,952.140015,0
2013-06-27,954.940002,962.400024,954.940002,959.479980,959.479980,0
2013-06-28,958.169983,961.320007,952.580017,955.849976,955.849976,0
2013-07-01,959.159973,968.549988,959.159973,962.219971,962.219971,0
2013-07-02,961.710022,967.669983,957.099976,961.530029,961.530029,0
2013-07-03,959.659973,964.479980,956.099976,962.359985,962.359985,0
2013-07-05,965.020020,972.530029,961.859985,972.530029,972.530029,0
2013-07-08,974.559998,979.669983,974.559998,977.200012,977.200012,0
2013-07-09,979.750000,985.710022,979.289978,984.619995,984.619995,0
2013-07-10,984.239990,987.590027,982.049988,985.130005,985.130005,0
2013-07-11,985.039978,999.309998,985.039978,998.479980,998.479980,0
2013-07-12,998.580017,1001.650024,997.200012,1001.650024,1001.650024,0
2013-07-15,1001.729980,1004.609985,1000.429993,1003.599976,1003.599976,0
2013-07-16,1003.940002,1004.309998,996.940002,999.460022,999.460022,0
2013-07-17,1000.929993,1004.770020,1000.929993,1002.539978,1002.539978,0
2013-07-18,1002.900024,1010.049988,1002.900024,1007.979980,1007.979980,0
2013-07-19,1005.830017,1009.140015,1004.650024,1009.140015,1009.140015,0
2013-07-22,1010.090027,1012.530029,1008.400024,1011.489990,1011.489990,0
2013-07-23,1012.460022,1013.520020,1008.950012,1009.830017,1009.830017,0
2013-07-24,1012.609985,1013.369995,1003.419983,1005.309998,1005.309998,0
2013-07-25,1005.280029,1009.669983,1002.799988,1009.390015,1009.390015,0
2013-07-26,1006.909973,1009.580017,1000.890015,1009.530029,1009.530029,0
2013-07-29,1008.030029,1009.429993,1003.530029,1005.559998,1005.559998,0
2013-07-30,1006.239990,1010.309998,1004.340027,1006.690002,1006.690002,0
2013-07-31,1008.169983,1014.580017,1006.669983,1007.030029,1007.030029,0
2013-08-01,1010.119995,1021.140015,1010.119995,1020.419983,1020.419983,0
2013-08-02,1020.090027,1021.869995,1016.710022,1021.869995,1021.869995,0
2013-08-05,1021.099976,1022.039978,1018.530029,1020.940002,1020.940002,0
2013-08-06,1019.929993,1019.929993,1011.869995,1014.109985,1014.109985,0
2013-08-07,1012.200012,1012.200012,1006.270020,1009.729980,1009.729980,0
2013-08-08,1011.940002,1015.580017,1008.690002,1014.070007,1014.070007,0
2013-08-09,1012.940002,1015.460022,1007.849976,1011.159973,1011.159973,0
2013-08-12,1008.700012,1011.679993,1006.309998,1010.669983,1010.669983,0
2013-08-13,1011.270020,1013.880005,1005.950012,1012.409973,1012.409973,0
2013-08-14,1011.989990,1012.909973,1007.140015,1007.239990,1007.239990,0
2013-08-15,1002.640015,1002.640015,990.729980,992.289978,992.289978,0
2013-08-16,991.549988,993.989990,987.590027,989.119995,989.119995,0
2013-08-19,988.909973,990.890015,982.679993,982.770020,982.770020,0
2013-08-20,983.559998,991.729980,983.169983,988.299988,988.299988,0
2013-08-21,986.760010,991.080017,980.479980,982.590027,982.590027,0
2013-08-22,984.090027,992.979980,984.090027,991.780029,991.780029,0
2013-08-23,993.729980,996.409973,990.289978,995.710022,995.710022,0
2013-08-26,996.260010,999.760010,991.900024,992.679993,992.679993,0
2013-08-27,992.309998,992.309998,974.950012,975.750000,975.750000,0
2013-08-28,975.489990,982.130005,974.229980,978.500000,978.500000,0
2013-08-29,978.369995,986.070007,976.489990,981.619995,981.619995,0
2013-08-30,981.789978,982.570007,974.150024,976.830017,976.830017,0
2013-09-03,980.409973,988.289978,976.549988,980.849976,980.849976,0
2013-09-04,981.169983,990.119995,979.440002,988.840027,988.840027,0
2013-09-05,989.020020,992.559998,988.960022,990.400024,990.400024,0
2013-09-06,990.299988,996.500000,981.770020,990.859985,990.859985,0
2013-09-09,992.309998,1001.880005,992.309998,1001.719971,1001.719971,0
2013-09-10,1004.039978,1009.429993,1004.039978,1009.390015,1009.390015,0
2013-09-11,1007.750000,1012.229980,1006.119995,1012.229980,1012.229980,0
2013-09-12,1012.049988,1012.849976,1007.830017,1008.559998,1008.559998,0
2013-09-13,1009.679993,1011.719971,1007.630005,1011.409973,1011.409973,0
2013-09-16,1015.000000,1021.190002,1015.000000,1016.619995,1016.619995,0
2013-09-17,1017.000000,1021.940002,1017.000000,1021.869995,1021.869995,0
2013-09-18,1021.849976,1036.020020,1018.469971,1033.849976,1033.849976,0
2013-09-19,1035.079956,1036.640015,1030.910034,1032.270020,1032.270020,0
2013-09-20,1032.880005,1033.939941,1024.479980,1025.189941,1025.189941,0
2013-09-23,1025.739990,1025.739990,1017.150024,1020.599976,1020.599976,0
2013-09-24,1021.080017,1025.150024,1016.729980,1018.969971,1018.969971,0
2013-09-25,1019.429993,1022.219971,1016.150024,1016.830017,1016.830017,0
2013-09-26,1017.880005,1023.650024,1017.500000,1020.780029,1020.780029,0
2013-09-27,1020.710022,1020.710022,1013.909973,1016.799988,1016.799988,0
2013-09-30,1012.929993,1014.460022,1006.419983,1011.549988,1011.549988,0
2013-10-01,1011.869995,1021.479980,1011.820007,1020.760010,1020.760010,0
2013-10-02,1017.539978,1019.700012,1012.119995,1019.640015,1019.640015,0
2013-10-03,1018.460022,1018.460022,1005.159973,1010.299988,1010.299988,0
2013-10-04,1010.340027,1018.599976,1009.789978,1017.570007,1017.570007,0
2013-10-07,1014.390015,1014.390015,1008.200012,1008.440002,1008.440002,0
2013-10-08,1008.309998,1008.789978,994.710022,994.729980,994.729980,0
2013-10-09,996.530029,998.030029,988.359985,994.260010,994.260010,0
2013-10-10,998.359985,1016.429993,998.359985,1016.340027,1016.340027,0
2013-10-11,1015.229980,1023.690002,1013.979980,1023.570007,1023.570007,0
2013-10-14,1020.559998,1028.300049,1016.880005,1027.839966,1027.839966,0
2013-10-15,1026.920044,1028.449951,1018.960022,1020.369995,1020.369995,0
2013-10-16,1022.969971,1034.410034,1022.969971,1034.329956,1034.329956,0
2013-10-17,1032.260010,1041.949951,1030.170044,1041.869995,1041.869995,0
2013-10-18,1044.640015,1049.400024,1043.520020,1049.160034,1049.160034,0
2013-10-21,1049.770020,1051.140015,1046.630005,1048.989990,1048.989990,0
2013-10-22,1050.910034,1057.930054,1050.229980,1054.599976,1054.599976,0
2013-10-23,1052.400024,1052.400024,1045.699951,1049.400024,1049.400024,0
2013-10-24,1049.949951,1054.310059,1048.969971,1053.400024,1053.400024,0
2013-10-25,1055.939941,1057.290039,1052.880005,1057.280029,1057.280029,0
2013-10-28,1056.939941,1059.410034,1055.109985,1057.989990,1057.989990,0
2013-10-29,1059.699951,1063.430054,1058.979980,1063.359985,1063.359985,0
2013-10-30,1064.199951,1065.160034,1053.609985,1057.020020,1057.020020,0
2013-10-31,1056.650024,1060.510010,1052.109985,1053.300049,1053.300049,0
2013-11-01,1054.719971,1058.430054,1049.930054,1055.609985,1055.609985,0
2013-11-04,1057.410034,1060.790039,1056.219971,1060.300049,1060.300049,0
2013-11-05,1058.650024,1059.599976,1052.630005,1057.189941,1057.189941,0
2013-11-06,1059.050049,1063.410034,1056.920044,1060.060059,1060.060059,0
2013-11-07,1060.880005,1062.530029,1044.439941,1044.900024,1044.900024,0
2013-11-08,1045.680054,1059.180054,1045.660034,1059.180054,1059.180054,0
2013-11-11,1058.859985,1061.119995,1057.630005,1060.290039,1060.290039,0
2013-11-12,1058.699951,1059.939941,1054.619995,1058.199951,1058.199951,0
2013-11-13,1055.660034,1067.329956,1053.810059,1067.329956,1067.329956,0
2013-11-14,1066.949951,1072.469971,1065.739990,1071.939941,1071.939941,0
2013-11-15,1072.199951,1076.520020,1072.199951,1076.500000,1076.500000,0
2013-11-18,1077.060059,1078.849976,1069.140015,1071.189941,1071.189941,0
2013-11-19,1070.530029,1073.579956,1066.189941,1068.060059,1068.060059,0
2013-11-20,1069.160034,1073.020020,1061.839966,1064.390015,1064.390015,0
2013-11-21,1066.349976,1074.959961,1066.349976,1074.300049,1074.300049,0
2013-11-22,1075.050049,1079.609985,1073.790039,1079.550049,1079.550049,0
2013-11-25,1080.910034,1081.569946,1076.880005,1078.020020,1078.020020,0
2013-11-26,1078.420044,1082.349976,1076.949951,1079.260010,1079.260010,0
2013-11-27,1080.310059,1082.699951,1079.420044,1082.319946,1082.319946,0
2013-11-29,1083.630005,1085.969971,1080.760010,1081.589966,1081.589966,0
2013-12-02,1082.250000,1083.819946,1076.810059,1078.050049,1078.050049,0
2013-12-03,1076.819946,1077.530029,1070.180054,1074.410034,1074.410034,0
2013-12-04,1072.119995,1077.369995,1064.790039,1073.199951,1073.199951,0
2013-12-05,1072.780029,1073.189941,1068.479980,1069.569946,1069.569946,0
2013-12-06,1073.520020,1081.400024,1073.520020,1080.579956,1080.579956,0
2013-12-09,1081.680054,1084.489990,1081.010010,1082.319946,1082.319946,0
2013-12-10,1081.310059,1083.150024,1078.390015,1078.739990,1078.739990,0
2013-12-11,1079.030029,1079.079956,1064.349976,1065.609985,1065.609985,0
2013-12-12,1065.439941,1066.810059,1060.640015,1062.780029,1062.780029,0
2013-12-13,1064.569946,1066.489990,1061.469971,1063.550049,1063.550049,0
2013-12-16,1065.530029,1073.540039,1065.530029,1070.680054,1070.680054,0
2013-12-17,1070.709961,1070.880005,1064.969971,1067.979980,1067.979980,0
2013-12-18,1068.369995,1084.989990,1060.260010,1084.780029,1084.780029,0
2013-12-19,1083.250000,1083.859985,1079.020020,1083.030029,1083.030029,0
2013-12-20,1083.949951,1092.630005,1083.949951,1090.140015,1090.140015,0
2013-12-23,1119.959961,1122.030029,1094.060059,1096.510010,1096.510010,0
2013-12-24,1096.670044,1100.060059,1096.670044,1100.020020,1100.020020,0
2013-12-26,1101.339966,1105.140015,1101.339966,1104.520020,1104.520020,0
2013-12-27,1105.400024,1106.300049,1102.839966,1103.930054,1103.930054,0
2013-12-30,1103.810059,1104.439941,1102.300049,1103.910034,1103.910034,0
2013-12-31,1104.969971,1109.050049,1104.969971,1108.290039,1108.290039,0
2014-01-02,1106.390015,1106.390015,1095.589966,1098.290039,1098.290039,0
2014-01-03,1099.270020,1102.209961,1096.869995,1098.680054,1098.680054,0
2014-01-06,1099.849976,1102.079956,1093.750000,1095.130005,1095.130005,0
2014-01-07,1097.010010,1103.859985,1097.010010,1102.410034,1102.410034,0
2014-01-08,1102.459961,1103.869995,1098.400024,1102.510010,1102.510010,0
2014-01-09,1104.060059,1106.260010,1098.160034,1102.949951,1102.949951,0
2014-01-10,1104.369995,1106.420044,1100.239990,1106.329956,1106.329956,0
2014-01-13,1105.339966,1106.609985,1089.699951,1092.180054,1092.180054,0
2014-01-14,1093.910034,1104.739990,1093.750000,1104.510010,1104.510010,0
2014-01-15,1105.930054,1111.390015,1105.930054,1110.319946,1110.319946,0
2014-01-16,1109.680054,1109.680054,1105.890015,1109.250000,1109.250000,0
2014-01-17,1108.449951,1109.300049,1103.050049,1104.949951,1104.949951,0
2014-01-21,1107.760010,1111.530029,1101.709961,1108.469971,1108.469971,0
2014-01-22,1155.890015,1155.890015,1107.000000,1109.989990,1109.989990,0
2014-01-23,1107.969971,1107.969971,1095.359985,1100.439941,1100.439941,0
2014-01-24,1097.300049,1097.300049,1076.699951,1076.699951,1076.699951,0
2014-01-27,1077.609985,1079.920044,1064.459961,1070.069946,1070.069946,0
2014-01-28,1069.369995,1078.160034,1069.369995,1077.599976,1077.599976,0
2014-01-29,1072.229980,1074.150024,1064.250000,1066.250000,1066.250000,0
2014-01-30,1070.619995,1081.869995,1070.619995,1079.030029,1079.030029,0
2014-01-31,1073.959961,1079.030029,1066.140015,1072.280029,1072.280029,0
2014-02-03,1072.410034,1073.400024,1044.939941,1046.219971,1046.219971,0
2014-02-04,1049.209961,1056.819946,1047.699951,1054.619995,1054.619995,0
2014-02-05,1052.520020,1054.400024,1043.069946,1051.989990,1051.989990,0
2014-02-06,1053.339966,1065.140015,1053.339966,1064.800049,1064.800049,0
2014-02-07,1068.030029,1079.089966,1067.089966,1078.609985,1078.609985,0
2014-02-10,1078.229980,1080.599976,1075.339966,1080.560059,1080.560059,0
2014-02-11,1081.060059,1094.329956,1081.060059,1092.140015,1092.140015,0
2014-02-12,1092.859985,1096.890015,1090.500000,1092.760010,1092.760010,0
2014-02-13,1088.729980,1100.420044,1086.569946,1100.160034,1100.160034,0
2014-02-14,1099.410034,1106.449951,1097.479980,1104.859985,1104.859985,0
2014-02-18,1105.800049,1108.859985,1103.420044,1107.849976,1107.849976,0
2014-02-19,1105.939941,1111.430054,1099.339966,1100.290039,1100.290039,0
2014-02-20,1100.790039,1109.349976,1098.310059,1107.760010,1107.760010,0
2014-02-21,1109.060059,1111.630005,1105.869995,1106.300049,1106.300049,0
2014-02-24,1107.420044,1119.859985,1107.420044,1113.339966,1113.339966,0
2014-02-25,1113.770020,1116.849976,1109.209961,1112.069946,1112.069946,0
2014-02-26,1113.520020,1117.410034,1110.319946,1113.010010,1113.010010,0
2014-02-27,1112.390015,1118.609985,1110.560059,1118.579956,1118.579956,0
2014-02-28,1119.020020,1126.160034,1113.750000,1120.660034,1120.660034,0
2014-03-03,1117.160034,1117.160034,1105.329956,1112.650024,1112.650024,0
2014-03-04,1118.000000,1132.219971,1118.000000,1130.699951,1130.699951,0
2014-03-05,1130.839966,1131.750000,1128.760010,1130.229980,1130.229980,0
2014-03-06,1131.660034,1134.689941,1130.420044,1131.719971,1131.719971,0
2014-03-07,1134.319946,1135.770020,1127.569946,1131.930054,1131.930054,0
2014-03-10,1131.099976,1131.560059,1124.699951,1130.609985,1130.609985,0
2014-03-11,1131.530029,1134.099976,1121.869995,1124.239990,1124.239990,0
2014-03-12,1121.630005,1125.160034,1116.040039,1125.160034,1125.160034,0
2014-03-13,1126.780029,1128.859985,1108.880005,1111.839966,1111.839966,0
2014-03-14,1110.530029,1115.949951,1109.099976,1110.079956,1110.079956,0
2014-03-17,1113.680054,1122.800049,1113.680054,1119.930054,1119.930054,0
2014-03-18,1120.859985,1129.709961,1120.859985,1128.939941,1128.939941,0
2014-03-19,1128.569946,1129.800049,1115.609985,1121.790039,1121.790039,0
2014-03-20,1120.560059,1128.569946,1117.630005,1127.670044,1127.670044,0
2014-03-21,1129.560059,1134.439941,1122.489990,1124.150024,1124.150024,0
2014-03-24,1125.670044,1128.329956,1112.390015,1117.400024,1117.400024,0
2014-03-25,1120.189941,1126.420044,1115.609985,1121.260010,1121.260010,0
2014-03-26,1123.670044,1127.479980,1111.689941,1111.689941,1111.689941,0
2014-03-27,1110.989990,1113.920044,1105.180054,1109.520020,1109.520020,0
2014-03-28,1111.380005,1120.750000,1111.380005,1114.400024,1114.400024,0
2014-03-31,1117.920044,1126.229980,1117.920044,1124.900024,1124.900024,0
2014-04-01,1129.680054,1134.040039,1127.270020,1133.930054,1133.930054,0
2014-04-02,1134.959961,1138.319946,1133.170044,1137.170044,1137.170044,0
2014-04-03,1138.050049,1138.739990,1130.619995,1134.349976,1134.349976,0
2014-04-04,1137.530029,1139.699951,1117.180054,1118.630005,1118.630005,0
2014-04-07,1116.410034,1117.489990,1102.520020,1105.290039,1105.290039,0
2014-04-08,1105.430054,1112.069946,1100.599976,1110.140015,1110.140015,0
2014-04-09,1112.030029,1123.000000,1110.660034,1122.859985,1122.859985,0
2014-04-10,1122.560059,1122.859985,1096.770020,1098.489990,1098.489990,0
2014-04-11,1094.479980,1099.579956,1086.010010,1087.130005,1087.130005,0
2014-04-14,1091.290039,1098.170044,1086.260010,1095.089966,1095.089966,0
2014-04-15,1096.810059,1102.989990,1085.170044,1102.079956,1102.079956,0
2014-04-16,1105.500000,1114.020020,1105.030029,1114.020020,1114.020020,0
2014-04-17,1113.510010,1118.849976,1110.680054,1116.060059,1116.060059,0
2014-04-21,1116.880005,1120.390015,1114.569946,1120.380005,1120.380005,0
2014-04-22,1121.199951,1129.310059,1121.199951,1126.329956,1126.329956,0
2014-04-23,1125.989990,1126.510010,1122.469971,1123.180054,1123.180054,0
2014-04-24,1127.689941,1128.319946,1118.890015,1124.500000,1124.500000,0
2014-04-25,1121.729980,1121.750000,1111.660034,1113.750000,1113.750000,0
2014-04-28,1116.160034,1121.699951,1104.160034,1115.640015,1115.640015,0
2014-04-29,1117.550049,1122.609985,1116.829956,1121.140015,1121.140015,0
2014-04-30,1119.420044,1125.520020,1116.849976,1125.079956,1125.079956,0
2014-05-01,1125.739990,1128.859985,1121.239990,1125.500000,1125.500000,0
2014-05-02,1126.280029,1130.719971,1123.290039,1124.680054,1124.680054,0
2014-05-05,1121.020020,1126.939941,1115.410034,1126.380005,1126.380005,0
2014-05-06,1124.839966,1124.839966,1115.660034,1115.670044,1115.670044,0
2014-05-07,1116.910034,1121.439941,1109.500000,1121.079956,1121.079956,0
2014-05-08,1119.810059,1127.920044,1115.089966,1118.219971,1118.219971,0
2014-05-09,1117.290039,1120.579956,1113.030029,1120.579956,1120.579956,0
2014-05-12,1123.400024,1133.510010,1123.400024,1133.119995,1133.119995,0
2014-05-13,1133.619995,1136.290039,1131.650024,1132.170044,1132.170044,0
2014-05-14,1131.449951,1131.449951,1124.140015,1125.689941,1125.689941,0
2014-05-15,1124.719971,1124.719971,1109.209961,1115.640015,1115.640015,0
2014-05-16,1115.900024,1120.050049,1111.510010,1119.959961,1119.959961,0
2014-05-19,1118.150024,1125.609985,1116.770020,1125.130005,1125.130005,0
2014-05-20,1124.359985,1124.359985,1113.640015,1116.699951,1116.699951,0
2014-05-21,1118.310059,1125.939941,1118.310059,1125.329956,1125.329956,0
2014-05-22,1125.640015,1131.270020,1124.119995,1128.880005,1128.880005,0
2014-05-23,1130.050049,1134.890015,1129.380005,1134.479980,1134.479980,0
2014-05-27,1137.000000,1142.170044,1137.000000,1141.979980,1141.979980,0
2014-05-28,1141.910034,1142.930054,1138.359985,1140.300049,1140.300049,0
2014-05-29,1142.079956,1146.150024,1140.099976,1146.150024,1146.150024,0
2014-05-30,1145.880005,1147.520020,1143.459961,1147.180054,1147.180054,0
2014-06-02,1148.180054,1148.530029,1141.949951,1147.920044,1147.920044,0
2014-06-03,1146.099976,1147.890015,1143.650024,1147.329956,1147.329956,0
2014-06-04,1145.670044,1150.329956,1143.660034,1150.000000,1150.000000,0
2014-06-05,1150.770020,1159.500000,1147.050049,1158.880005,1158.880005,0
2014-06-06,1160.750000,1164.959961,1160.750000,1164.729980,1164.729980,0
2014-06-09,1169.599976,1169.599976,1163.859985,1166.569946,1166.569946,0
2014-06-10,1165.449951,1165.810059,1161.969971,1165.790039,1165.790039,0
2014-06-11,1163.560059,1163.560059,1159.089966,1161.660034,1161.660034,0
2014-06-12,1160.599976,1160.819946,1150.949951,1153.599976,1153.599976,0
2014-06-13,1155.270020,1158.020020,1151.650024,1157.239990,1157.239990,0
2014-06-16,1156.140015,1160.189941,1153.969971,1158.410034,1158.410034,0
2014-06-17,1157.619995,1163.180054,1155.910034,1162.000000,1162.000000,0
2014-06-18,1162.300049,1170.770020,1160.130005,1170.449951,1170.449951,0
2014-06-19,1171.239990,1172.469971,1167.550049,1171.939941,1171.939941,0
2014-06-20,1172.900024,1174.530029,1172.349976,1174.260010,1174.260010,0
2014-06-23,1174.410034,1175.180054,1171.939941,1173.880005,1173.880005,0
2014-06-24,1172.640015,1177.709961,1164.880005,1165.750000,1165.750000,0
2014-06-25,1164.569946,1172.489990,1164.010010,1171.839966,1171.839966,0
2014-06-26,1171.359985,1171.489990,1162.920044,1170.410034,1170.410034,0
2014-06-27,1169.099976,1173.739990,1168.150024,1173.500000,1173.500000,0
2014-06-30,1173.459961,1175.640015,1172.329956,1174.069946,1174.069946,0
2014-07-01,1176.270020,1186.020020,1176.229980,1182.430054,1182.430054,0
2014-07-02,1182.319946,1183.780029,1180.910034,1181.869995,1181.869995,0
2014-07-03,1185.939941,1188.319946,1184.569946,1188.319946,1188.319946,0
2014-07-07,1186.630005,1186.630005,1180.140015,1181.420044,1181.420044,0
2014-07-08,1179.699951,1179.699951,1168.920044,1172.030029,1172.030029,0
2014-07-09,1173.859985,1177.890015,1172.359985,1177.130005,1177.130005,0
2014-07-10,1171.489990,1175.250000,1163.939941,1171.760010,1171.760010,0
2014-07-11,1171.630005,1173.680054,1168.359985,1172.939941,1172.939941,0
2014-07-14,1176.760010,1180.609985,1176.760010,1178.569946,1178.569946,0
2014-07-15,1178.939941,1181.670044,1170.310059,1175.109985,1175.109985,0
2014-07-16,1178.630005,1181.489990,1175.569946,1178.989990,1178.989990,0
2014-07-17,1176.589966,1179.300049,1163.280029,1164.849976,1164.849976,0
2014-07-18,1166.510010,1178.469971,1166.250000,1177.619995,1177.619995,0
2014-07-21,1175.030029,1175.959961,1169.839966,1174.709961,1174.709961,0
2014-07-22,1177.260010,1182.910034,1177.160034,1180.989990,1180.989990,0
2014-07-23,1182.280029,1184.550049,1180.300049,1183.130005,1183.130005,0
2014-07-24,1184.219971,1186.160034,1182.180054,1183.589966,1183.589966,0
2014-07-25,1180.650024,1180.650024,1175.109985,1177.329956,1177.329956,0
2014-07-28,1177.199951,1178.599976,1170.160034,1176.839966,1176.839966,0
2014-07-29,1177.729980,1180.880005,1172.250000,1172.250000,1172.250000,0
2014-07-30,1175.589966,1178.160034,1168.770020,1173.170044,1173.170044,0
2014-07-31,1167.739990,1167.739990,1149.579956,1149.589966,1149.589966,0
2014-08-01,1148.140015,1153.589966,1140.550049,1146.300049,1146.300049,0
2014-08-04,1147.949951,1156.699951,1143.459961,1154.550049,1154.550049,0
2014-08-05,1151.880005,1153.469971,1140.390015,1144.510010,1144.510010,0
2014-08-06,1141.420044,1149.380005,1138.790039,1144.540039,1144.540039,0
2014-08-07,1147.329956,1149.550049,1135.640015,1138.500000,1138.500000,0
2014-08-08,1139.500000,1151.660034,1138.040039,1151.219971,1151.219971,0
2014-08-11,1153.689941,1160.380005,1153.689941,1155.420044,1155.420044,0
2014-08-12,1154.150024,1156.949951,1149.349976,1152.670044,1152.670044,0
2014-08-13,1155.819946,1161.729980,1155.319946,1160.790039,1160.790039,0
2014-08-14,1161.880005,1165.680054,1161.540039,1165.670044,1165.670044,0
2014-08-15,1168.569946,1171.160034,1157.520020,1165.619995,1165.619995,0
2014-08-18,1169.560059,1176.430054,1169.560059,1176.430054,1176.430054,0
2014-08-19,1177.780029,1182.479980,1177.780029,1181.979980,1181.979980,0
2014-08-20,1180.550049,1185.530029,1179.270020,1184.329956,1184.329956,0
2014-08-21,1184.869995,1188.729980,1183.439941,1187.430054,1187.430054,0
2014-08-22,1187.010010,1188.020020,1182.949951,1185.689941,1185.689941,0
2014-08-25,1189.369995,1193.750000,1189.369995,1191.189941,1191.189941,0
2014-08-26,1191.829956,1195.959961,1191.829956,1193.390015,1193.390015,0
2014-08-27,1194.050049,1194.780029,1190.969971,1193.189941,1193.189941,0
2014-08-28,1190.199951,1192.069946,1187.109985,1190.800049,1190.800049,0
2014-08-29,1192.739990,1195.449951,1189.689941,1195.420044,1195.420044,0
2014-09-02,1196.800049,1197.849976,1191.250000,1195.880005,1195.880005,0
2014-09-03,1198.199951,1200.040039,1192.680054,1194.140015,1194.140015,0
2014-09-04,1195.140015,1200.300049,1188.930054,1191.750000,1191.750000,0
2014-09-05,1191.280029,1197.449951,1187.089966,1197.449951,1197.449951,0
2014-09-08,1196.890015,1197.770020,1190.829956,1194.689941,1194.689941,0
2014-09-09,1194.089966,1194.089966,1184.130005,1186.180054,1186.180054,0
2014-09-10,1186.540039,1190.979980,1182.790039,1190.589966,1190.589966,0
2014-09-11,1188.130005,1192.420044,1185.150024,1192.380005,1192.380005,0
2014-09-12,1191.569946,1191.569946,1181.439941,1184.530029,1184.530029,0
2014-09-15,1184.420044,1184.420044,1178.880005,1181.479980,1181.479980,0
2014-09-16,1179.660034,1191.829956,1178.520020,1189.979980,1189.979980,0
2014-09-17,1190.550049,1197.209961,1186.810059,1191.630005,1191.630005,0
2014-09-18,1193.520020,1197.520020,1193.520020,1197.020020,1197.020020,0
2014-09-19,1198.530029,1201.410034,1192.430054,1194.979980,1194.979980,0
2014-09-22,1193.300049,1193.300049,1181.839966,1183.660034,1183.660034,0
2014-09-23,1181.060059,1184.560059,1176.300049,1176.300049,1176.300049,0
2014-09-24,1176.939941,1186.349976,1173.790039,1185.380005,1185.380005,0
2014-09-25,1183.290039,1183.290039,1166.530029,1166.530029,1166.530029,0
2014-09-26,1167.540039,1178.250000,1167.329956,1176.390015,1176.390015,0
2014-09-29,1171.530029,1175.290039,1165.189941,1173.599976,1173.599976,0
2014-09-30,1174.260010,1177.020020,1167.310059,1168.709961,1168.709961,0
2014-10-01,1167.729980,1167.729980,1150.130005,1152.869995,1152.869995,0
2014-10-02,1152.560059,1157.500000,1140.819946,1153.959961,1153.959961,0
2014-10-03,1157.310059,1168.469971,1157.310059,1166.489990,1166.489990,0
2014-10-06,1168.819946,1172.130005,1160.540039,1163.800049,1163.800049,0
2014-10-07,1160.689941,1160.689941,1145.800049,1145.900024,1145.900024,0
2014-10-08,1145.780029,1165.989990,1139.079956,1165.359985,1165.359985,0
2014-10-09,1164.079956,1164.150024,1140.530029,1140.530029,1140.530029,0
2014-10-10,1139.709961,1145.449951,1126.040039,1126.079956,1126.079956,0
2014-10-13,1125.819946,1130.089966,1107.900024,1108.280029,1108.280029,0
2014-10-14,1112.180054,1124.260010,1107.880005,1111.630005,1111.630005,0
2014-10-15,1105.390015,1109.310059,1079.869995,1105.270020,1105.270020,0
2014-10-16,1097.729980,1115.140015,1090.020020,1107.829956,1107.829956,0
2014-10-17,1112.979980,1127.589966,1112.979980,1120.410034,1120.410034,0
2014-10-20,1119.579956,1131.439941,1118.079956,1131.060059,1131.060059,0
2014-10-21,1135.609985,1154.270020,1135.609985,1153.619995,1153.619995,0
2014-10-22,1154.640015,1158.229980,1143.859985,1144.000000,1144.000000,0
2014-10-23,1149.119995,1165.339966,1149.119995,1158.719971,1158.719971,0
2014-10-24,1159.790039,1166.640015,1155.920044,1166.260010,1166.260010,0
2014-10-27,1164.180054,1165.400024,1157.339966,1164.369995,1164.369995,0
2014-10-28,1167.050049,1180.150024,1167.050049,1180.150024,1180.150024,0
2014-10-29,1179.329956,1183.660034,1170.030029,1177.969971,1177.969971,0
2014-10-30,1176.010010,1187.949951,1173.099976,1185.170044,1185.170044,0
2014-10-31,1191.989990,1199.630005,1191.989990,1199.569946,1199.569946,0
2014-11-03,1200.140015,1204.000000,1196.900024,1199.459961,1199.459961,0
2014-11-04,1197.689941,1198.170044,1189.130005,1195.319946,1195.319946,0
2014-11-05,1198.439941,1201.969971,1196.510010,1200.939941,1200.939941,0
2014-11-06,1200.619995,1206.170044,1197.290039,1206.060059,1206.060059,0
2014-11-07,1206.030029,1207.750000,1202.250000,1206.630005,1206.630005,0
2014-11-10,1206.589966,1210.619995,1206.209961,1210.579956,1210.579956,0
2014-11-11,1210.380005,1212.229980,1208.630005,1211.420044,1211.420044,0
2014-11-12,1208.670044,1212.619995,1206.790039,1211.500000,1211.500000,0
2014-11-13,1212.089966,1215.640015,1206.209961,1210.790039,1210.790039,0
2014-11-14,1210.540039,1212.609985,1208.469971,1211.040039,1211.040039,0
2014-11-17,1209.530029,1212.180054,1207.180054,1210.689941,1210.689941,0
2014-11-18,1211.119995,1219.699951,1211.030029,1217.150024,1217.150024,0
2014-11-19,1216.089966,1216.709961,1209.170044,1214.209961,1214.209961,0
2014-11-20,1211.229980,1218.079956,1209.329956,1217.849976,1217.849976,0
2014-11-21,1222.760010,1229.069946,1220.560059,1223.780029,1223.780029,0
2014-11-24,1225.469971,1228.660034,1225.469971,1228.540039,1228.540039,0
2014-11-25,1230.040039,1231.689941,1225.569946,1227.410034,1227.410034,0
2014-11-26,1227.829956,1230.959961,1226.989990,1230.729980,1230.729980,0
2014-11-28,1231.989990,1231.989990,1224.930054,1226.119995,1226.119995,0
2014-12-01,1223.770020,1223.770020,1214.130005,1215.780029,1215.780029,0
2014-12-02,1216.219971,1224.900024,1216.170044,1223.609985,1223.609985,0
2014-12-03,1224.109985,1230.540039,1223.599976,1229.270020,1229.270020,0
2014-12-04,1228.140015,1230.630005,1222.209961,1227.560059,1227.560059,0
2014-12-05,1228.280029,1232.619995,1227.540039,1230.280029,1230.280029,0
2014-12-08,1228.790039,1231.150024,1217.219971,1220.589966,1220.589966,0
2014-12-09,1214.380005,1222.589966,1205.680054,1222.180054,1222.180054,0
2014-12-10,1219.819946,1219.819946,1200.380005,1201.349976,1201.349976,0
2014-12-11,1203.930054,1218.510010,1203.930054,1206.750000,1206.750000,0
2014-12-12,1201.810059,1204.160034,1187.959961,1187.959961,1187.959961,0
2014-12-15,1191.540039,1197.050049,1175.650024,1179.800049,1179.800049,0
2014-12-16,1176.020020,1195.339966,1170.640015,1170.709961,1170.709961,0
2014-12-17,1172.260010,1197.619995,1172.109985,1195.790039,1195.790039,0
2014-12-18,1203.140015,1222.989990,1203.140015,1222.989990,1222.989990,0
2014-12-19,1223.579956,1232.449951,1222.520020,1228.560059,1228.560059,0
2014-12-22,1228.619995,1233.349976,1227.719971,1233.239990,1233.239990,0
2014-12-23,1235.650024,1237.829956,1233.930054,1235.430054,1235.430054,0
2014-12-24,1236.500000,1239.069946,1235.949951,1235.949951,1235.949951,0
2014-12-26,1238.290039,1242.829956,1238.290039,1240.530029,1240.530029,0
2014-12-29,1239.540039,1243.599976,1238.900024,1242.099976,1242.099976,0
2014-12-30,1240.089966,1240.410034,1235.680054,1236.140015,1236.140015,0
2014-12-31,1238.219971,1239.869995,1223.689941,1224.109985,1224.109985,0
2015-01-02,1227.099976,1231.939941,1215.800049,1223.300049,1223.300049,0
2015-01-05,1219.310059,1219.310059,1199.439941,1201.560059,1201.560059,0
2015-01-06,1203.380005,1206.229980,1183.729980,1190.050049,1190.050049,0
2015-01-07,1194.609985,1205.319946,1194.609985,1204.000000,1204.000000,0
2015-01-08,1208.729980,1226.140015,1208.729980,1225.260010,1225.260010,0
2015-01-09,1226.329956,1226.339966,1211.329956,1215.069946,1215.069946,0
2015-01-12,1216.650024,1217.430054,1202.069946,1205.930054,1205.930054,0
2015-01-13,1211.020020,1223.270020,1194.400024,1203.520020,1203.520020,0
2015-01-14,1197.369995,1197.680054,1183.390015,1196.770020,1196.770020,0
2015-01-15,1199.209961,1202.510010,1184.020020,1184.599976,1184.599976,0
2015-01-16,1184.040039,1201.520020,1182.489990,1200.930054,1200.930054,0
2015-01-20,1203.530029,1206.219971,1191.319946,1201.780029,1201.780029,0
2015-01-21,1199.250000,1210.770020,1195.729980,1206.910034,1206.910034,0
2015-01-22,1210.339966,1226.770020,1203.650024,1226.109985,1226.109985,0
2015-01-23,1225.640015,1226.180054,1219.530029,1220.209961,1220.209961,0
2015-01-26,1220.209961,1225.479980,1214.300049,1225.310059,1225.310059,0
2015-01-27,1218.329956,1218.329956,1204.310059,1210.589966,1210.589966,0
2015-01-28,1216.489990,1217.939941,1193.229980,1193.900024,1193.900024,0
2015-01-29,1194.069946,1206.810059,1186.569946,1205.219971,1205.219971,0
2015-01-30,1202.689941,1205.239990,1188.260010,1188.930054,1188.930054,0
2015-02-02,1191.300049,1203.589966,1179.880005,1203.310059,1203.310059,0
2015-02-03,1205.780029,1221.270020,1205.780029,1221.180054,1221.180054,0
2015-02-04,1217.739990,1223.859985,1213.890015,1216.380005,1216.380005,0
2015-02-05,1218.640015,1230.119995,1218.640015,1229.520020,1229.520020,0
2015-02-06,1230.420044,1235.150024,1222.170044,1225.439941,1225.439941,0
2015-02-09,1222.849976,1225.459961,1217.170044,1219.670044,1219.670044,0
2015-02-10,1223.719971,1233.339966,1220.060059,1232.000000,1232.000000,0
2015-02-11,1231.280029,1234.869995,1225.800049,1231.989990,1231.989990,0
2015-02-12,1235.459961,1244.229980,1235.459961,1244.229980,1244.229980,0
2015-02-13,1245.010010,1249.760010,1243.449951,1249.760010,1249.760010,0
2015-02-17,1248.670044,1252.380005,1245.729980,1251.609985,1251.609985,0
2015-02-18,1250.119995,1252.229980,1247.209961,1252.180054,1252.180054,0
2015-02-19,1250.819946,1253.699951,1247.229980,1251.060059,1251.060059,0
2015-02-20,1250.079956,1258.729980,1243.979980,1258.680054,1258.680054,0
2015-02-23,1258.030029,1258.239990,1253.989990,1258.239990,1258.239990,0
2015-02-24,1257.560059,1262.449951,1256.000000,1261.250000,1261.250000,0
2015-02-25,1260.099976,1264.069946,1258.459961,1260.859985,1260.859985,0
2015-02-26,1260.390015,1260.849976,1255.160034,1259.260010,1259.260010,0
2015-02-27,1258.670044,1260.079956,1254.959961,1255.069946,1255.069946,0
2015-03-02,1255.530029,1263.040039,1255.130005,1263.030029,1263.030029,0
2015-03-03,1260.810059,1260.810059,1252.020020,1257.430054,1257.430054,0
2015-03-04,1256.910034,1256.910034,1245.729980,1251.930054,1251.930054,0
2015-03-05,1253.359985,1255.670044,1250.290039,1253.810059,1253.810059,0
2015-03-06,1251.160034,1251.160034,1234.140015,1236.359985,1236.359985,0
2015-03-09,1237.640015,1243.160034,1237.130005,1241.130005,1241.130005,0
2015-03-10,1235.810059,1235.810059,1221.130005,1221.130005,1221.130005,0
2015-03-11,1222.439941,1224.890015,1219.300049,1220.589966,1220.589966,0
2015-03-12,1222.920044,1236.500000,1222.920044,1236.239990,1236.239990,0
2015-03-13,1234.579956,1235.199951,1221.520020,1229.189941,1229.189941,0
2015-03-16,1233.089966,1244.619995,1233.089966,1244.599976,1244.599976,0
2015-03-17,1241.520020,1244.119995,1236.160034,1241.849976,1241.849976,0
2015-03-18,1239.680054,1260.550049,1234.589966,1256.270020,1256.270020,0
2015-03-19,1255.069946,1255.439941,1248.849976,1251.329956,1251.329956,0
2015-03-20,1254.739990,1265.140015,1254.739990,1262.420044,1262.420044,0
2015-03-23,1262.449951,1265.780029,1260.079956,1260.079956,1260.079956,0
2015-03-24,1259.430054,1261.930054,1253.140015,1253.160034,1253.160034,0
2015-03-25,1254.400024,1256.449951,1233.790039,1233.790039,1233.790039,0
2015-03-26,1229.599976,1237.339966,1224.770020,1231.040039,1231.040039,0
2015-03-27,1230.680054,1235.780029,1229.349976,1234.869995,1234.869995,0
2015-03-30,1240.040039,1251.579956,1240.040039,1250.199951,1250.199951,0
2015-03-31,1246.099976,1248.760010,1239.339966,1240.280029,1240.280029,0
2015-04-01,1239.180054,1239.180054,1228.579956,1235.630005,1235.630005,0
2015-04-02,1235.709961,1243.260010,1234.500000,1240.099976,1240.099976,0
2015-04-06,1236.010010,1251.550049,1234.079956,1248.079956,1248.079956,0
2015-04-07,1248.130005,1253.089966,1244.660034,1244.760010,1244.760010,0
2015-04-08,1245.250000,1251.180054,1243.880005,1248.949951,1248.949951,0
2015-04-09,1248.670044,1254.189941,1243.439941,1253.219971,1253.219971,0
2015-04-10,1254.680054,1259.500000,1254.189941,1259.329956,1259.329956,0
2015-04-13,1259.199951,1262.650024,1254.119995,1254.189941,1254.189941,0
2015-04-14,1254.119995,1257.329956,1248.420044,1255.839966,1255.839966,0
2015-04-15,1258.469971,1265.650024,1258.469971,1262.540039,1262.540039,0
2015-04-16,1260.260010,1265.050049,1258.500000,1261.550049,1261.550049,0
2015-04-17,1256.959961,1256.959961,1241.719971,1246.670044,1246.670044,0
2015-04-20,1251.040039,1259.800049,1251.040039,1257.930054,1257.930054,0
2015-04-21,1261.260010,1263.390015,1254.910034,1256.589966,1256.589966,0
2015-04-22,1258.040039,1263.369995,1252.489990,1262.319946,1262.319946,0
2015-04-23,1260.400024,1269.939941,1259.790039,1265.790039,1265.790039,0
2015-04-24,1268.869995,1269.189941,1265.189941,1267.349976,1267.349976,0
2015-04-27,1269.780029,1272.609985,1259.849976,1260.979980,1260.979980,0
2015-04-28,1260.619995,1265.270020,1252.290039,1264.189941,1264.189941,0
2015-04-29,1260.130005,1262.819946,1253.599976,1258.800049,1258.800049,0
2015-04-30,1255.239990,1257.310059,1240.130005,1244.719971,1244.719971,0
2015-05-01,1247.800049,1257.390015,1247.800049,1257.390015,1257.390015,0
2015-05-04,1259.660034,1265.310059,1259.579956,1261.209961,1261.209961,0
2015-05-05,1259.329956,1261.760010,1244.880005,1245.810059,1245.810059,0
2015-05-06,1248.260010,1251.349976,1234.400024,1241.540039,1241.540039,0
2015-05-07,1241.150024,1249.229980,1238.410034,1246.469971,1246.469971,0
2015-05-08,1253.609985,1263.489990,1253.609985,1262.030029,1262.030029,0
2015-05-11,1261.489990,1263.540039,1256.109985,1256.630005,1256.630005,0
2015-05-12,1252.859985,1256.569946,1244.520020,1253.170044,1253.170044,0
2015-05-13,1255.180054,1259.530029,1251.530029,1252.810059,1252.810059,0
2015-05-14,1257.839966,1266.160034,1257.609985,1265.979980,1265.979980,0
2015-05-15,1266.839966,1267.530029,1263.180054,1267.020020,1267.020020,0
2015-05-18,1265.800049,1273.390015,1265.160034,1272.130005,1272.130005,0
2015-05-19,1272.349976,1273.869995,1269.030029,1271.010010,1271.010010,0
2015-05-20,1271.560059,1275.109985,1267.979980,1270.160034,1270.160034,0
2015-05-21,1269.439941,1274.680054,1268.530029,1272.780029,1272.780029,0
2015-05-22,1271.410034,1273.150024,1269.630005,1269.979980,1269.979980,0
2015-05-26,1267.910034,1267.910034,1254.060059,1257.030029,1257.030029,0
2015-05-27,1258.949951,1269.989990,1258.099976,1268.530029,1268.530029,0
2015-05-28,1266.819946,1267.660034,1262.099976,1266.920044,1266.920044,0
2015-05-29,1266.349976,1266.430054,1257.380005,1259.260010,1259.260010,0
2015-06-01,1262.680054,1266.099976,1255.770020,1261.829956,1261.829956,0
2015-06-02,1259.400024,1265.689941,1254.660034,1261.010010,1261.010010,0
2015-06-03,1263.630005,1268.790039,1261.310059,1264.719971,1264.719971,0
2015-06-04,1260.750000,1263.729980,1252.280029,1253.729980,1253.729980,0
2015-06-05,1252.689941,1256.689941,1247.319946,1253.530029,1253.530029,0
2015-06-08,1253.030029,1253.579956,1245.219971,1245.219971,1245.219971,0
2015-06-09,1244.719971,1248.250000,1239.989990,1245.109985,1245.109985,0
2015-06-10,1248.229980,1261.849976,1248.229980,1259.939941,1259.939941,0
2015-06-11,1261.760010,1265.630005,1260.920044,1262.589966,1262.589966,0
2015-06-12,1259.270020,1259.270020,1252.810059,1254.489990,1254.489990,0
2015-06-15,1248.640015,1250.229980,1241.119995,1248.739990,1248.739990,0
2015-06-16,1248.160034,1256.569946,1247.310059,1255.819946,1255.819946,0
2015-06-17,1257.979980,1261.520020,1251.819946,1257.969971,1257.969971,0
2015-06-18,1260.989990,1273.800049,1260.979980,1270.589966,1270.589966,0
2015-06-19,1270.829956,1270.829956,1264.689941,1264.849976,1264.849976,0
2015-06-22,1269.979980,1275.890015,1269.979980,1272.270020,1272.270020,0
2015-06-23,1273.819946,1274.939941,1270.550049,1273.390015,1273.390015,0
2015-06-24,1271.819946,1273.229980,1263.349976,1263.349976,1263.349976,0
2015-06-25,1265.550049,1267.290039,1259.040039,1259.880005,1259.880005,0
2015-06-26,1261.369995,1263.500000,1255.150024,1259.079956,1259.079956,0
2015-06-29,1250.739990,1252.750000,1231.770020,1232.140015,1232.140015,0
2015-06-30,1238.109985,1242.310059,1232.119995,1236.119995,1236.119995,0
2015-07-01,1242.660034,1247.479980,1238.869995,1243.750000,1243.750000,0
2015-07-02,1246.359985,1247.839966,1239.290039,1242.680054,1242.680054,0
2015-07-06,1236.239990,1244.199951,1231.630005,1238.329956,1238.329956,0
2015-07-07,1239.619995,1246.459961,1222.869995,1245.189941,1245.189941,0
2015-07-08,1239.469971,1239.469971,1223.989990,1224.430054,1224.430054,0
2015-07-09,1232.660034,1240.510010,1227.050049,1227.459961,1227.459961,0
2015-07-10,1235.300049,1244.949951,1235.300049,1242.630005,1242.630005,0
2015-07-13,1248.630005,1256.729980,1248.630005,1256.079956,1256.079956,0
2015-07-14,1256.239990,1263.760010,1254.270020,1262.089966,1262.089966,0
2015-07-15,1262.800049,1264.469971,1257.089966,1259.819946,1259.819946,0
2015-07-16,1265.520020,1269.300049,1265.520020,1269.290039,1269.290039,0
2015-07-17,1270.979980,1271.010010,1266.040039,1269.449951,1269.449951,0
2015-07-20,1270.640015,1271.959961,1267.170044,1269.550049,1269.550049,0
2015-07-21,1269.339966,1270.069946,1261.719971,1263.790039,1263.790039,0
2015-07-22,1258.959961,1263.630005,1258.849976,1261.660034,1261.660034,0
2015-07-23,1262.449951,1263.829956,1252.199951,1254.170044,1254.170044,0
2015-07-24,1255.160034,1255.859985,1239.300049,1240.670044,1240.670044,0
2015-07-27,1236.300049,1237.770020,1230.290039,1232.400024,1232.400024,0
2015-07-28,1236.410034,1248.760010,1232.459961,1247.290039,1247.290039,0
2015-07-29,1247.790039,1257.349976,1247.189941,1256.369995,1256.369995,0
2015-07-30,1254.160034,1257.930054,1248.400024,1257.000000,1257.000000,0
2015-07-31,1260.119995,1261.619995,1254.359985,1255.439941,1255.439941,0
2015-08-03,1256.170044,1256.270020,1245.209961,1251.550049,1251.550049,0
2015-08-04,1251.349976,1254.810059,1246.260010,1249.020020,1249.020020,0
2015-08-05,1253.150024,1261.089966,1251.290039,1252.810059,1252.810059,0
2015-08-06,1253.689941,1254.459961,1236.699951,1242.109985,1242.109985,0
2015-08-07,1240.380005,1241.010010,1232.469971,1238.280029,1238.280029,0
2015-08-10,1243.689941,1254.890015,1243.689941,1254.209961,1254.209961,0
2015-08-11,1248.900024,1248.900024,1238.000000,1242.369995,1242.369995,0
2015-08-12,1236.000000,1244.819946,1222.949951,1243.010010,1243.010010,0
2015-08-13,1242.989990,1246.989990,1238.510010,1241.359985,1241.359985,0
2015-08-14,1240.479980,1247.010010,1239.280029,1246.560059,1246.560059,0
2015-08-17,1243.319946,1254.219971,1239.530029,1254.140015,1254.140015,0
2015-08-18,1252.880005,1254.270020,1248.530029,1250.010010,1250.010010,0
2015-08-19,1245.849976,1248.849976,1233.770020,1239.329956,1239.329956,0
2015-08-20,1232.780029,1232.780029,1212.020020,1212.020020,1212.020020,0
2015-08-21,1203.469971,1205.910034,1176.229980,1176.229980,1176.229980,0
2015-08-24,1132.209961,1165.839966,1117.650024,1129.810059,1129.810059,0
2015-08-25,1143.229980,1160.619995,1115.819946,1115.819946,1115.819946,0
2015-08-26,1127.339966,1157.859985,1121.699951,1156.479980,1156.479980,0
2015-08-27,1164.189941,1186.060059,1162.239990,1184.349976,1184.349976,0
2015-08-28,1181.609985,1189.060059,1178.660034,1186.599976,1186.599976,0
2015-08-31,1184.359985,1185.810059,1174.390015,1177.130005,1177.130005,0
2015-09-01,1171.439941,1173.530029,1136.959961,1142.969971,1142.969971,0
2015-09-02,1142.969971,1163.369995,1142.969971,1163.359985,1163.359985,0
2015-09-03,1166.229980,1178.599976,1161.310059,1164.890015,1164.890015,0
2015-09-04,1155.829956,1155.859985,1142.469971,1148.250000,1148.250000,0
2015-09-08,1150.310059,1177.130005,1150.310059,1176.520020,1176.520020,0
2015-09-09,1178.239990,1187.550049,1158.469971,1160.680054,1160.680054,0
2015-09-10,1160.530029,1173.609985,1158.020020,1166.270020,1166.270020,0
2015-09-11,1165.949951,1171.489990,1158.349976,1171.489990,1171.489990,0
2015-09-14,1171.589966,1172.349976,1164.209961,1166.760010,1166.760010,0
2015-09-15,1167.229980,1183.930054,1167.229980,1181.239990,1181.239990,0
2015-09-16,1181.260010,1192.589966,1181.089966,1191.520020,1191.520020,0
2015-09-17,1191.390015,1207.130005,1187.869995,1189.709961,1189.709961,0
2015-09-18,1186.699951,1186.699951,1168.250000,1170.900024,1170.900024,0
2015-09-21,1171.589966,1184.189941,1169.229980,1175.079956,1175.079956,0
2015-09-22,1172.849976,1172.849976,1152.260010,1159.979980,1159.979980,0
2015-09-23,1160.079956,1164.150024,1153.900024,1157.219971,1157.219971,0
2015-09-24,1155.660034,1155.660034,1139.410034,1152.959961,1152.959961,0
2015-09-25,1154.349976,1163.540039,1144.979980,1150.680054,1150.680054,0
2015-09-28,1149.959961,1149.959961,1118.479980,1119.880005,1119.880005,0
2015-09-29,1120.239990,1130.030029,1113.130005,1120.050049,1120.050049,0
2015-09-30,1122.599976,1141.199951,1122.599976,1140.819946,1140.819946,0
2015-10-01,1141.050049,1144.060059,1128.869995,1142.469971,1142.469971,0
2015-10-02,1140.880005,1159.300049,1125.040039,1159.300049,1159.300049,0
2015-10-05,1160.079956,1181.989990,1160.079956,1180.989990,1180.989990,0
2015-10-06,1180.689941,1183.349976,1171.089966,1176.060059,1176.060059,0
2015-10-07,1176.729980,1187.739990,1174.390015,1186.739990,1186.739990,0
2015-10-08,1186.510010,1199.030029,1182.089966,1197.140015,1197.140015,0
2015-10-09,1197.310059,1201.140015,1194.329956,1198.300049,1198.300049,0
2015-10-12,1198.310059,1200.010010,1195.089966,1199.119995,1199.119995,0
2015-10-13,1197.859985,1202.520020,1189.000000,1189.910034,1189.910034,0
2015-10-14,1189.979980,1193.770020,1181.829956,1183.739990,1183.739990,0
2015-10-15,1184.989990,1202.030029,1184.989990,1201.989990,1201.989990,0
2015-10-16,1202.270020,1206.739990,1198.959961,1206.500000,1206.500000,0
2015-10-19,1206.150024,1208.140015,1200.369995,1207.000000,1207.000000,0
2015-10-20,1206.979980,1210.709961,1202.719971,1205.359985,1205.359985,0
2015-10-21,1206.170044,1209.390015,1195.689941,1196.599976,1196.599976,0
2015-10-22,1197.949951,1216.689941,1197.949951,1214.530029,1214.530029,0
2015-10-23,1220.959961,1229.260010,1220.250000,1227.099976,1227.099976,0
2015-10-26,1227.040039,1227.040039,1221.869995,1224.540039,1224.540039,0
2015-10-27,1223.709961,1223.709961,1215.520020,1220.000000,1220.000000,0
2015-10-28,1220.119995,1236.829956,1219.979980,1236.819946,1236.819946,0
2015-10-29,1236.619995,1236.619995,1231.660034,1234.609985,1234.609985,0
2015-10-30,1234.609985,1237.819946,1229.500000,1229.520020,1229.520020,0
2015-11-02,1229.630005,1246.550049,1229.630005,1245.359985,1245.359985,0
2015-11-03,1245.060059,1252.750000,1241.520020,1248.650024,1248.650024,0
2015-11-04,1249.089966,1251.780029,1241.290039,1244.770020,1244.770020,0
2015-11-05,1244.819946,1247.979980,1236.880005,1243.339966,1243.339966,0
2015-11-06,1242.890015,1244.319946,1233.719971,1243.560059,1243.560059,0
2015-11-09,1243.250000,1243.250000,1224.920044,1231.199951,1231.199951,0
2015-11-10,1230.609985,1234.089966,1225.800049,1233.280029,1233.280029,0
2015-11-11,1233.890015,1235.829956,1228.339966,1228.390015,1228.390015,0
2015-11-12,1227.920044,1227.920044,1210.170044,1210.280029,1210.280029,0
2015-11-13,1210.030029,1210.030029,1197.219971,1197.670044,1197.670044,0
2015-11-16,1197.530029,1214.359985,1195.469971,1214.359985,1214.359985,0
2015-11-17,1214.599976,1222.540039,1210.160034,1212.560059,1212.560059,0
2015-11-18,1212.640015,1233.010010,1212.640015,1232.150024,1232.150024,0
2015-11-19,1232.160034,1233.890015,1228.800049,1230.390015,1230.390015,0
2015-11-20,1231.180054,1239.560059,1231.180054,1235.180054,1235.180054,0
2015-11-23,1235.229980,1239.390015,1231.589966,1234.569946,1234.569946,0
2015-11-24,1233.589966,1239.680054,1225.209961,1237.050049,1237.050049,0
2015-11-25,1237.189941,1240.150024,1235.550049,1238.099976,1238.099976,0
2015-11-27,1238.229980,1240.959961,1235.239990,1239.300049,1239.300049,0
2015-11-30,1239.530029,1241.459961,1233.550049,1233.560059,1233.560059,0
2015-12-01,1234.300049,1246.239990,1234.300049,1245.849976,1245.849976,0
2015-12-02,1245.650024,1246.619995,1230.949951,1232.300049,1232.300049,0
2015-12-03,1232.910034,1235.609985,1209.839966,1214.130005,1214.130005,0
2015-12-04,1214.530029,1238.050049,1214.530029,1236.900024,1236.900024,0
2015-12-07,1236.530029,1236.530029,1221.589966,1226.660034,1226.660034,0
2015-12-08,1225.239990,1225.239990,1212.140015,1218.989990,1218.989990,0
2015-12-09,1218.290039,1228.469971,1203.239990,1208.959961,1208.959961,0
2015-12-10,1209.089966,1220.479980,1207.959961,1211.910034,1211.910034,0
2015-12-11,1210.349976,1210.349976,1185.979980,1188.119995,1188.119995,0
2015-12-14,1188.280029,1192.420044,1176.069946,1191.439941,1191.439941,0
2015-12-15,1192.000000,1209.949951,1192.000000,1204.599976,1204.599976,0
2015-12-16,1206.310059,1224.089966,1205.310059,1222.150024,1222.150024,0
2015-12-17,1222.319946,1223.900024,1204.199951,1204.250000,1204.250000,0
2015-12-18,1203.930054,1203.930054,1184.000000,1184.079956,1184.079956,0
2015-12-21,1185.000000,1193.880005,1184.079956,1192.750000,1192.750000,0
2015-12-22,1193.339966,1205.390015,1192.099976,1203.170044,1203.170044,0
2015-12-23,1204.579956,1218.640015,1204.579956,1218.459961,1218.459961,0
2015-12-24,1218.310059,1220.880005,1215.310059,1217.050049,1217.050049,0
2015-12-28,1216.329956,1216.329956,1206.380005,1213.900024,1213.900024,0
2015-12-29,1214.459961,1227.930054,1214.459961,1226.390015,1226.390015,0
2015-12-30,1225.859985,1225.859985,1216.760010,1217.300049,1217.300049,0
2015-12-31,1216.910034,1217.119995,1205.949951,1206.099976,1206.099976,0
2016-01-04,1202.290039,1202.290039,1174.160034,1187.130005,1187.130005,0
2016-01-05,1187.219971,1192.060059,1182.229980,1189.229980,1189.229980,0
2016-01-06,1188.770020,1188.770020,1166.640015,1173.140015,1173.140015,0
2016-01-07,1171.290039,1171.290039,1142.439941,1144.619995,1144.619995,0
2016-01-08,1145.420044,1154.510010,1129.719971,1131.579956,1131.579956,0
2016-01-11,1131.790039,1139.180054,1118.630005,1131.319946,1131.319946,0
2016-01-12,1133.010010,1145.479980,1124.390015,1139.060059,1139.060059,0
2016-01-13,1140.010010,1145.689941,1106.800049,1109.390015,1109.390015,0
2016-01-14,1109.670044,1134.410034,1101.410034,1127.020020,1127.020020,0
2016-01-15,1124.589966,1124.589966,1088.670044,1103.339966,1103.339966,0
2016-01-19,1105.660034,1115.130005,1091.989990,1101.689941,1101.689941,0
2016-01-20,1099.949951,1100.250000,1060.609985,1090.510010,1090.510010,0
2016-01-21,1090.689941,1108.140015,1084.380005,1095.150024,1095.150024,0
2016-01-22,1097.540039,1118.979980,1097.540039,1118.280029,1118.280029,0
2016-01-25,1117.890015,1117.890015,1098.989990,1099.680054,1099.680054,0
2016-01-26,1100.180054,1118.020020,1100.180054,1116.500000,1116.500000,0
2016-01-27,1116.140015,1123.780029,1098.010010,1103.750000,1103.750000,0
2016-01-28,1104.760010,1115.119995,1097.989990,1108.219971,1108.219971,0
2016-01-29,1108.359985,1136.839966,1108.359985,1136.839966,1136.839966,0
2016-02-01,1135.040039,1141.030029,1124.839966,1136.459961,1136.459961,0
2016-02-02,1135.530029,1135.530029,1110.880005,1114.219971,1114.219971,0
2016-02-03,1114.709961,1122.619995,1095.849976,1119.709961,1119.709961,0
2016-02-04,1119.079956,1129.709961,1113.800049,1122.459961,1122.459961,0
2016-02-05,1122.040039,1122.040039,1096.099976,1099.560059,1099.560059,0
2016-02-08,1096.680054,1096.680054,1067.650024,1082.229980,1082.229980,0
2016-02-09,1081.290039,1089.900024,1070.849976,1080.609985,1080.609985,0
2016-02-10,1082.719971,1098.479980,1080.069946,1080.810059,1080.810059,0
2016-02-11,1078.089966,1078.089966,1056.449951,1067.339966,1067.339966,0
2016-02-12,1068.329956,1088.260010,1068.329956,1088.260010,1088.260010,0
2016-02-16,1088.410034,1107.680054,1088.410034,1107.619995,1107.619995,0
2016-02-17,1109.219971,1128.660034,1109.219971,1126.280029,1126.280029,0
2016-02-18,1126.780029,1128.000000,1119.319946,1121.020020,1121.020020,0
2016-02-19,1120.199951,1121.910034,1111.760010,1121.439941,1121.439941,0
2016-02-22,1121.650024,1138.500000,1121.650024,1137.609985,1137.609985,0
2016-02-23,1137.030029,1137.030029,1123.319946,1123.989990,1123.989990,0
2016-02-24,1122.729980,1130.900024,1106.449951,1129.630005,1129.630005,0
2016-02-25,1130.030029,1142.420044,1127.329956,1142.400024,1142.400024,0
2016-02-26,1142.750000,1149.079956,1140.140015,1141.829956,1141.829956,0
2016-02-29,1141.709961,1148.170044,1133.410034,1133.560059,1133.560059,0
2016-03-01,1134.819946,1160.030029,1134.819946,1160.030029,1160.030029,0
2016-03-02,1159.729980,1165.900024,1154.869995,1165.890015,1165.890015,0
2016-03-03,1165.619995,1171.560059,1161.569946,1171.430054,1171.430054,0
2016-03-04,1171.680054,1181.439941,1168.010010,1175.819946,1175.819946,0
2016-03-07,1175.229980,1180.670044,1170.010010,1178.250000,1178.250000,0
2016-03-08,1177.130005,1177.130005,1161.790039,1162.800049,1162.800049,0
2016-03-09,1163.209961,1170.349976,1162.859985,1168.609985,1168.609985,0
2016-03-10,1168.880005,1177.339966,1155.979980,1167.599976,1167.599976,0
2016-03-11,1169.420044,1187.910034,1169.420044,1187.790039,1187.790039,0
2016-03-14,1187.310059,1188.800049,1181.619995,1185.930054,1185.930054,0
2016-03-15,1184.589966,1184.589966,1176.500000,1181.640015,1181.640015,0
2016-03-16,1181.170044,1191.560059,1178.849976,1189.030029,1189.030029,0
2016-03-17,1188.689941,1201.000000,1186.180054,1198.020020,1198.020020,0
2016-03-18,1198.250000,1205.300049,1198.250000,1203.839966,1203.839966,0
2016-03-21,1203.520020,1206.349976,1200.150024,1204.810059,1204.810059,0
2016-03-22,1203.839966,1207.900024,1198.060059,1204.050049,1204.050049,0
2016-03-23,1203.790039,1203.790039,1193.660034,1194.180054,1194.180054,0
2016-03-24,1193.329956,1194.300049,1185.430054,1194.270020,1194.270020,0
2016-03-28,1194.390015,1198.349976,1191.569946,1195.010010,1195.010010,0
2016-03-29,1194.670044,1208.099976,1189.890015,1207.750000,1207.750000,0
2016-03-30,1208.689941,1217.579956,1208.689941,1212.439941,1212.439941,0
2016-03-31,1212.329956,1215.569946,1209.829956,1211.170044,1211.170044,0
2016-04-01,1210.550049,1219.479980,1201.290039,1218.290039,1218.290039,0
2016-04-04,1218.390015,1218.930054,1211.719971,1213.520020,1213.520020,0
2016-04-05,1211.810059,1211.810059,1199.910034,1201.300049,1201.300049,0
2016-04-06,1201.459961,1214.579956,1200.239990,1214.229980,1214.229980,0
2016-04-07,1213.500000,1213.500000,1194.589966,1199.439941,1199.439941,0
2016-04-08,1200.170044,1210.890015,1199.750000,1203.160034,1203.160034,0
2016-04-11,1203.489990,1212.760010,1199.800049,1199.819946,1199.819946,0
2016-04-12,1199.949951,1213.319946,1198.239990,1211.380005,1211.380005,0
2016-04-13,1212.219971,1225.839966,1212.219971,1225.530029,1225.530029,0
2016-04-14,1225.540039,1228.199951,1222.640015,1225.339966,1225.339966,0
2016-04-15,1225.300049,1225.770020,1222.250000,1224.819946,1224.819946,0
2016-04-18,1224.079956,1232.739990,1220.229980,1232.560059,1232.560059,0
2016-04-19,1232.920044,1238.810059,1230.920044,1236.300049,1236.300049,0
2016-04-20,1236.420044,1242.699951,1233.619995,1237.459961,1237.459961,0
2016-04-21,1237.500000,1238.459961,1229.250000,1231.010010,1231.010010,0
2016-04-22,1228.260010,1233.900024,1226.579956,1232.810059,1232.810059,0
2016-04-25,1232.520020,1232.520020,1224.339966,1229.709961,1229.709961,0
2016-04-26,1230.189941,1235.479980,1228.739990,1233.430054,1233.430054,0
2016-04-27,1233.550049,1238.369995,1228.250000,1235.750000,1235.750000,0
2016-04-28,1234.890015,1237.969971,1221.540039,1223.859985,1223.859985,0
2016-04-29,1222.400024,1223.359985,1209.650024,1217.369995,1217.369995,0
2016-05-02,1217.660034,1227.890015,1217.400024,1226.939941,1226.939941,0
2016-05-03,1226.000000,1226.000000,1209.640015,1214.810059,1214.810059,0
2016-05-04,1214.209961,1214.209961,1203.979980,1207.359985,1207.359985,0
2016-05-05,1207.790039,1212.750000,1203.829956,1206.359985,1206.359985,0
2016-05-06,1206.150024,1210.680054,1199.790039,1210.550049,1210.550049,0
2016-05-09,1210.530029,1215.000000,1208.609985,1211.619995,1211.619995,0
2016-05-10,1212.170044,1226.739990,1212.170044,1226.510010,1226.510010,0
2016-05-11,1226.199951,1226.199951,1214.510010,1214.510010,1214.510010,0
2016-05-12,1214.589966,1220.270020,1207.229980,1213.400024,1213.400024,0
2016-05-13,1213.250000,1215.000000,1201.290039,1203.530029,1203.530029,0
2016-05-16,1203.670044,1218.709961,1203.660034,1215.560059,1215.560059,0
2016-05-17,1215.060059,1215.060059,1199.989990,1203.739990,1203.739990,0
2016-05-18,1203.199951,1211.949951,1196.569946,1204.140015,1204.140015,0
2016-05-19,1203.500000,1204.150024,1190.849976,1199.150024,1199.150024,0
2016-05-20,1199.420044,1210.880005,1199.420044,1208.079956,1208.079956,0
2016-05-23,1208.140015,1210.349976,1205.250000,1205.670044,1205.670044,0
2016-05-24,1206.219971,1224.890015,1206.219971,1222.900024,1222.900024,0
2016-05-25,1223.969971,1233.579956,1223.969971,1231.339966,1231.339966,0
2016-05-26,1231.530029,1233.520020,1229.140015,1230.699951,1230.699951,0
2016-05-27,1230.800049,1236.619995,1230.800049,1236.619995,1236.619995,0
2016-05-31,1236.709961,1239.630005,1231.410034,1236.219971,1236.219971,0
2016-06-01,1235.930054,1239.390015,1229.160034,1238.560059,1238.560059,0
2016-06-02,1238.390015,1242.969971,1232.599976,1242.969971,1242.969971,0
2016-06-03,1243.099976,1243.099976,1230.670044,1238.819946,1238.819946,0
2016-06-06,1238.969971,1247.869995,1238.969971,1245.729980,1245.729980,0
2016-06-07,1246.199951,1251.670044,1246.199951,1247.680054,1247.680054,0
2016-06-08,1248.109985,1252.979980,1248.109985,1252.199951,1252.199951,0
2016-06-09,1251.609985,1251.609985,1244.969971,1249.270020,1249.270020,0
2016-06-10,1247.229980,1247.229980,1232.930054,1236.390015,1236.390015,0
2016-06-13,1235.199951,1237.959961,1225.660034,1226.109985,1226.109985,0
2016-06-14,1225.209961,1227.650024,1217.069946,1223.550049,1223.550049,0
2016-06-15,1223.790039,1230.520020,1221.250000,1222.180054,1222.180054,0
2016-06-16,1221.010010,1225.859985,1208.920044,1225.089966,1225.089966,0
2016-06-17,1224.920044,1224.920044,1217.130005,1221.569946,1221.569946,0
2016-06-20,1222.609985,1239.540039,1222.609985,1229.709961,1229.709961,0
2016-06-21,1230.060059,1234.800049,1228.520020,1232.069946,1232.069946,0
2016-06-22,1232.290039,1238.369995,1229.050049,1229.640015,1229.640015,0
2016-06-23,1233.050049,1247.099976,1233.050049,1247.099976,1247.099976,0
2016-06-24,1241.819946,1241.819946,1199.010010,1201.619995,1201.619995,0
2016-06-27,1198.969971,1198.969971,1172.359985,1177.349976,1177.349976,0
2016-06-28,1180.219971,1198.449951,1180.219971,1198.449951,1198.449951,0
2016-06-29,1198.969971,1220.979980,1198.969971,1219.609985,1219.609985,0
2016-06-30,1219.729980,1236.660034,1218.859985,1236.619995,1236.619995,0
2016-07-01,1236.619995,1242.880005,1236.089966,1239.520020,1239.520020,0
2016-07-05,1236.680054,1236.680054,1224.849976,1229.750000,1229.750000,0
2016-07-06,1227.800049,1236.989990,1221.640015,1236.469971,1236.469971,0
2016-07-07,1236.849976,1242.729980,1231.150024,1236.119995,1236.119995,0
2016-07-08,1238.599976,1256.989990,1238.599976,1255.969971,1255.969971,0
2016-07-11,1257.099976,1264.390015,1257.099976,1261.189941,1261.189941,0
2016-07-12,1263.619995,1273.079956,1263.619995,1270.729980,1270.729980,0
2016-07-13,1271.260010,1273.410034,1266.489990,1270.150024,1270.150024,0
2016-07-14,1272.089966,1279.270020,1272.089966,1276.030029,1276.030029,0
2016-07-15,1277.040039,1279.329956,1272.030029,1275.329956,1275.329956,0
2016-07-18,1275.410034,1279.150024,1273.810059,1278.310059,1278.310059,0
2016-07-19,1277.089966,1277.089966,1273.130005,1275.890015,1275.890015,0
2016-07-20,1276.810059,1283.489990,1276.099976,1281.969971,1281.969971,0
2016-07-21,1281.790039,1283.089966,1274.150024,1277.260010,1277.260010,0
2016-07-22,1277.729980,1283.660034,1276.180054,1283.569946,1283.569946,0
2016-07-25,1283.010010,1283.010010,1276.219971,1279.790039,1279.790039,0
2016-07-26,1279.630005,1283.250000,1275.550049,1281.290039,1281.290039,0
2016-07-27,1283.839966,1284.349976,1275.250000,1279.609985,1279.609985,0
2016-07-28,1279.550049,1283.459961,1275.859985,1281.780029,1281.780029,0
2016-07-29,1281.650024,1286.439941,1277.579956,1284.270020,1284.270020,0
2016-08-01,1284.479980,1287.140015,1279.849976,1282.459961,1282.459961,0
2016-08-02,1282.040039,1282.040039,1267.640015,1273.010010,1273.010010,0
2016-08-03,1272.609985,1277.969971,1270.160034,1277.969971,1277.969971,0
2016-08-04,1277.839966,1280.829956,1275.469971,1278.369995,1278.369995,0
2016-08-05,1280.619995,1289.599976,1280.619995,1289.599976,1289.599976,0
2016-08-08,1289.859985,1291.619995,1286.910034,1288.569946,1288.569946,0
2016-08-09,1288.920044,1292.329956,1287.540039,1289.300049,1289.300049,0
2016-08-10,1289.550049,1290.270020,1283.150024,1285.130005,1285.130005,0
2016-08-11,1286.579956,1292.520020,1286.579956,1291.020020,1291.020020,0
2016-08-12,1290.069946,1291.680054,1287.250000,1290.170044,1290.170044,0
2016-08-15,1290.849976,1297.020020,1290.849976,1294.989990,1294.989990,0
2016-08-16,1293.209961,1293.209961,1287.079956,1287.099976,1287.099976,0
2016-08-17,1286.930054,1288.989990,1280.609985,1288.510010,1288.510010,0
2016-08-18,1288.569946,1292.270020,1287.790039,1292.270020,1292.270020,0
2016-08-19,1291.359985,1291.359985,1285.520020,1290.589966,1290.589966,0
2016-08-22,1289.650024,1291.420044,1286.099976,1290.439941,1290.439941,0
2016-08-23,1292.729980,1297.260010,1292.729980,1293.819946,1293.819946,0
2016-08-24,1293.250000,1293.630005,1283.949951,1286.310059,1286.310059,0
2016-08-25,1285.650024,1289.160034,1283.449951,1285.329956,1285.329956,0
2016-08-26,1286.260010,1294.060059,1277.739990,1283.030029,1283.030029,0
2016-08-29,1283.569946,1291.900024,1283.569946,1289.849976,1289.849976,0
2016-08-30,1289.930054,1291.089966,1284.180054,1287.780029,1287.780029,0
2016-08-31,1286.859985,1286.859985,1278.609985,1284.479980,1284.479980,0
2016-09-01,1284.540039,1286.270020,1276.280029,1284.719971,1284.719971,0
2016-09-02,1286.430054,1293.510010,1286.430054,1291.219971,1291.219971,0
2016-09-06,1291.849976,1294.790039,1287.989990,1294.760010,1294.760010,0
2016-09-07,1294.229980,1295.969971,1290.989990,1295.729980,1295.729980,0
2016-09-08,1294.579956,1294.949951,1290.540039,1292.719971,1292.719971,0
2016-09-09,1288.550049,1288.550049,1259.939941,1259.939941,1259.939941,0
2016-09-12,1258.430054,1280.239990,1254.380005,1278.000000,1278.000000,0
2016-09-13,1277.150024,1277.150024,1253.979980,1258.290039,1258.290039,0
2016-09-14,1258.750000,1266.609985,1254.250000,1257.500000,1257.500000,0
2016-09-15,1257.459961,1272.609985,1255.869995,1270.400024,1270.400024,0
2016-09-16,1270.180054,1270.180054,1261.319946,1265.869995,1265.869995,0
2016-09-19,1267.410034,1275.420044,1264.640015,1267.089966,1267.089966,0
2016-09-20,1269.119995,1273.550049,1266.459961,1266.680054,1266.680054,0
2016-09-21,1267.930054,1281.900024,1266.489990,1280.849976,1280.849976,0
2016-09-22,1283.800049,1291.790039,1283.800049,1290.510010,1290.510010,0
2016-09-23,1289.239990,1289.239990,1282.790039,1283.069946,1283.069946,0
2016-09-26,1280.729980,1280.729980,1271.760010,1272.310059,1272.310059,0
2016-09-27,1272.290039,1280.390015,1269.689941,1279.640015,1279.640015,0
2016-09-28,1280.089966,1287.449951,1274.660034,1286.900024,1286.900024,0
2016-09-29,1285.969971,1287.339966,1271.060059,1274.280029,1274.280029,0
2016-09-30,1275.939941,1288.619995,1275.939941,1284.599976,1284.599976,0
2016-10-03,1283.579956,1283.579956,1276.489990,1280.250000,1280.250000,0
2016-10-04,1280.939941,1282.750000,1270.030029,1273.900024,1273.900024,0
2016-10-05,1275.550049,1282.089966,1275.550049,1279.599976,1279.599976,0
2016-10-06,1279.089966,1280.680054,1273.140015,1279.430054,1279.430054,0
2016-10-07,1279.680054,1282.060059,1269.390015,1274.599976,1274.599976,0
2016-10-10,1277.270020,1284.890015,1277.270020,1281.310059,1281.310059,0
2016-10-11,1281.180054,1281.180054,1259.939941,1264.609985,1264.609985,0
2016-10-12,1264.819946,1269.589966,1262.150024,1265.880005,1265.880005,0
2016-10-13,1262.930054,1264.800049,1250.979980,1261.400024,1261.400024,0
2016-10-14,1263.280029,1271.290039,1261.089966,1261.089966,1261.089966,0
2016-10-17,1261.030029,1262.579956,1256.500000,1257.560059,1257.560059,0
2016-10-18,1262.739990,1268.290039,1262.739990,1265.319946,1265.319946,0
2016-10-19,1265.959961,1271.069946,1264.140015,1268.569946,1268.569946,0
2016-10-20,1267.910034,1270.030029,1261.680054,1266.469971,1266.469971,0
2016-10-21,1264.890015,1266.969971,1259.369995,1266.239990,1266.239990,0
2016-10-24,1268.780029,1275.050049,1268.780029,1272.430054,1272.430054,0
2016-10-25,1271.589966,1272.010010,1265.859985,1266.560059,1266.560059,0
2016-10-26,1265.310059,1267.609985,1259.910034,1263.290039,1263.290039,0
2016-10-27,1264.670044,1267.630005,1257.660034,1258.030029,1258.030029,0
2016-10-28,1258.420044,1263.109985,1250.959961,1254.660034,1254.660034,0
2016-10-31,1255.310059,1258.459961,1254.069946,1255.420044,1255.420044,0
2016-11-01,1255.890015,1258.390015,1238.229980,1246.310059,1246.310059,0
2016-11-02,1245.209961,1245.839966,1234.989990,1236.989990,1236.989990,0
2016-11-03,1238.329956,1240.030029,1229.949951,1231.619995,1231.619995,0
2016-11-04,1230.010010,1239.209961,1230.010010,1230.729980,1230.729980,0
2016-11-07,1236.060059,1258.109985,1236.060059,1258.010010,1258.010010,0
2016-11-08,1257.349976,1266.959961,1252.920044,1262.540039,1262.540039,0
2016-11-09,1262.099976,1282.589966,1254.609985,1278.880005,1278.880005,0
2016-11-10,1280.369995,1291.239990,1272.709961,1282.369995,1282.369995,0
2016-11-11,1281.030029,1284.760010,1275.339966,1283.939941,1283.939941,0
2016-11-14,1284.420044,1290.439941,1281.420044,1286.680054,1286.680054,0
2016-11-15,1287.020020,1296.229980,1287.020020,1295.719971,1295.719971,0
2016-11-16,1294.849976,1295.479980,1291.109985,1293.939941,1293.939941,0
2016-11-17,1294.770020,1301.219971,1294.239990,1300.420044,1300.420044,0
2016-11-18,1300.469971,1302.099976,1297.060059,1298.209961,1298.209961,0
2016-11-21,1299.410034,1307.750000,1299.410034,1307.609985,1307.609985,0
2016-11-22,1310.420044,1312.420044,1305.839966,1311.420044,1311.420044,0
2016-11-23,1311.420044,1313.459961,1306.359985,1313.439941,1313.439941,0
2016-11-25,1313.479980,1318.560059,1313.479980,1318.550049,1318.550049,0
2016-11-28,1317.520020,1317.520020,1309.489990,1310.310059,1310.310059,0
2016-11-29,1310.060059,1315.510010,1308.260010,1311.739990,1311.739990,0
2016-11-30,1312.270020,1317.680054,1308.290039,1308.290039,1308.290039,0
2016-12-01,1308.680054,1311.180054,1300.660034,1303.069946,1303.069946,0
2016-12-02,1303.109985,1307.400024,1301.530029,1303.579956,1303.579956,0
2016-12-05,1305.670044,1315.140015,1305.670044,1312.959961,1312.959961,0
2016-12-06,1313.119995,1319.209961,1311.469971,1318.969971,1318.969971,0
2016-12-07,1318.910034,1335.800049,1316.810059,1335.459961,1335.459961,0
2016-12-08,1335.689941,1343.489990,1333.709961,1340.479980,1340.479980,0
2016-12-09,1341.780029,1347.000000,1341.780029,1346.949951,1346.949951,0
2016-12-12,1346.449951,1349.189941,1340.959961,1343.579956,1343.579956,0
2016-12-13,1344.109985,1354.410034,1344.109985,1351.160034,1351.160034,0
2016-12-14,1350.459961,1352.829956,1336.770020,1339.329956,1339.329956,0
2016-12-15,1339.329956,1350.989990,1339.329956,1344.790039,1344.790039,0
2016-12-16,1345.819946,1348.770020,1340.420044,1342.689941,1342.689941,0
2016-12-19,1343.270020,1348.689941,1343.170044,1345.869995,1345.869995,0
2016-12-20,1347.030029,1352.349976,1347.030029,1351.500000,1351.500000,0
2016-12-21,1351.640015,1351.709961,1347.640015,1347.640015,1347.640015,0
2016-12-22,1347.280029,1347.280029,1341.060059,1343.770020,1343.770020,0
2016-12-23,1343.540039,1346.280029,1343.239990,1346.280029,1346.280029,0
2016-12-27,1346.729980,1352.469971,1346.729980,1349.619995,1349.619995,0
2016-12-28,1350.089966,1351.079956,1337.160034,1337.699951,1337.699951,0
2016-12-29,1337.640015,1340.699951,1334.709961,1337.689941,1337.689941,0
2016-12-30,1338.510010,1340.130005,1328.959961,1331.719971,1331.719971,0
2017-01-03,1334.439941,1346.729980,1334.439941,1342.689941,1342.689941,0
2017-01-04,1343.290039,1354.020020,1343.290039,1352.979980,1352.979980,0
2017-01-05,1352.709961,1352.979980,1345.180054,1350.310059,1350.310059,0
2017-01-06,1350.770020,1357.310059,1347.660034,1354.050049,1354.050049,0
2017-01-09,1353.579956,1353.579956,1348.739990,1348.739990,1348.739990,0
2017-01-10,1348.880005,1355.680054,1347.530029,1350.430054,1350.430054,0
2017-01-11,1350.489990,1354.040039,1345.839966,1354.040039,1354.040039,0
2017-01-12,1353.290039,1353.290039,1340.239990,1350.300049,1350.300049,0
2017-01-13,1350.900024,1356.229980,1350.900024,1353.900024,1353.900024,0
2017-01-17,1353.660034,1353.660034,1345.369995,1348.119995,1348.119995,0
2017-01-18,1348.400024,1351.250000,1345.790039,1351.189941,1351.189941,0
2017-01-19,1351.150024,1352.829956,1342.349976,1345.579956,1345.579956,0
2017-01-20,1346.839966,1353.239990,1346.560059,1350.099976,1350.099976,0
2017-01-23,1349.410034,1350.380005,1341.599976,1346.589966,1346.589966,0
2017-01-24,1347.089966,1359.380005,1347.089966,1357.130005,1357.130005,0
2017-01-25,1359.680054,1368.689941,1359.680054,1367.989990,1367.989990,0
2017-01-26,1368.369995,1369.550049,1364.959961,1366.369995,1366.369995,0
2017-01-27,1367.109985,1368.140015,1362.729980,1364.489990,1364.489990,0
2017-01-30,1362.339966,1362.339966,1347.060059,1355.199951,1355.199951,0
2017-01-31,1354.180054,1355.770020,1348.000000,1355.469971,1355.469971,0
2017-02-01,1357.680054,1362.319946,1351.719971,1355.530029,1355.530029,0
2017-02-02,1354.920044,1358.310059,1351.000000,1356.180054,1356.180054,0
2017-02-03,1357.410034,1367.699951,1357.410034,1367.290039,1367.290039,0
2017-02-06,1366.770020,1366.770020,1361.380005,1363.750000,1363.750000,0
2017-02-07,1364.089966,1367.750000,1361.510010,1363.300049,1363.300049,0
2017-02-08,1362.290039,1364.780029,1357.989990,1364.119995,1364.119995,0
2017-02-09,1364.310059,1374.859985,1364.310059,1373.250000,1373.250000,0
2017-02-10,1374.729980,1380.390015,1374.729980,1378.579956,1378.579956,0
2017-02-13,1379.599976,1387.339966,1379.599976,1385.270020,1385.270020,0
2017-02-14,1384.890015,1390.630005,1381.900024,1390.630005,1390.630005,0
2017-02-15,1390.119995,1398.599976,1389.020020,1397.430054,1397.430054,0
2017-02-16,1397.859985,1398.810059,1390.790039,1395.790039,1395.790039,0
2017-02-17,1395.069946,1398.040039,1391.189941,1398.040039,1398.040039,0
2017-02-21,1398.189941,1407.410034,1398.189941,1406.780029,1406.780029,0
2017-02-22,1405.540039,1406.260010,1402.589966,1404.550049,1404.550049,0
2017-02-23,1405.969971,1407.579956,1398.410034,1403.650024,1403.650024,0
2017-02-24,1401.709961,1405.599976,1396.550049,1405.599976,1405.599976,0
2017-02-27,1405.180054,1409.319946,1402.430054,1408.569946,1408.569946,0
2017-02-28,1407.869995,1407.869995,1400.829956,1402.829956,1402.829956,0
2017-03-01,1407.140015,1424.959961,1407.140015,1422.329956,1422.329956,0
2017-03-02,1421.800049,1421.800049,1411.869995,1412.760010,1412.760010,0
2017-03-03,1412.380005,1413.969971,1408.750000,1413.550049,1413.550049,0
2017-03-06,1411.449951,1411.449951,1403.819946,1408.130005,1408.130005,0
2017-03-07,1407.140015,1407.900024,1401.869995,1403.250000,1403.250000,0
2017-03-08,1403.030029,1406.459961,1398.479980,1399.339966,1399.339966,0
2017-03-09,1399.560059,1403.069946,1393.510010,1399.369995,1399.369995,0
2017-03-10,1401.839966,1406.640015,1398.209961,1404.040039,1404.040039,0
2017-03-13,1403.949951,1405.680054,1402.349976,1405.140015,1405.140015,0
2017-03-14,1403.750000,1403.750000,1395.329956,1400.089966,1400.089966,0
2017-03-15,1401.300049,1415.709961,1401.300049,1412.949951,1412.949951,0
2017-03-16,1413.319946,1415.219971,1409.050049,1411.369995,1411.369995,0
2017-03-17,1411.510010,1413.949951,1409.099976,1410.380005,1410.380005,0
2017-03-20,1410.380005,1410.430054,1404.579956,1406.829956,1406.829956,0
2017-03-21,1408.069946,1411.670044,1385.859985,1386.900024,1386.900024,0
2017-03-22,1387.010010,1390.819946,1382.130005,1389.199951,1389.199951,0
2017-03-23,1389.000000,1396.390015,1386.260010,1388.800049,1388.800049,0
2017-03-24,1390.209961,1395.260010,1383.130005,1387.959961,1387.959961,0
2017-03-27,1384.910034,1388.869995,1374.510010,1386.979980,1386.979980,0
2017-03-28,1386.719971,1399.859985,1384.699951,1397.140015,1397.140015,0
2017-03-29,1396.719971,1400.329956,1393.689941,1399.089966,1399.089966,0
2017-03-30,1398.939941,1404.630005,1398.069946,1403.739990,1403.739990,0
2017-03-31,1403.010010,1405.800049,1400.839966,1401.500000,1401.500000,0
2017-04-03,1402.040039,1403.520020,1390.089966,1397.650024,1397.650024,0
2017-04-04,1397.150024,1398.380005,1393.589966,1398.219971,1398.219971,0
2017-04-05,1399.599976,1408.869995,1391.229980,1392.459961,1392.459961,0
2017-04-06,1392.810059,1399.959961,1390.349976,1396.650024,1396.650024,0
2017-04-07,1396.109985,1400.069946,1392.459961,1395.630005,1395.630005,0
2017-04-10,1395.910034,1402.660034,1393.569946,1397.040039,1397.040039,0
2017-04-11,1395.910034,1396.540039,1386.030029,1396.500000,1396.500000,0
2017-04-12,1396.280029,1396.280029,1387.959961,1389.689941,1389.689941,0
2017-04-13,1388.760010,1391.449951,1379.770020,1379.770020,1379.770020,0
2017-04-17,1381.420044,1392.189941,1381.420044,1392.160034,1392.160034,0
2017-04-18,1390.810059,1391.630005,1383.650024,1388.790039,1388.790039,0
2017-04-19,1390.359985,1395.290039,1385.680054,1387.430054,1387.430054,0
2017-04-20,1389.270020,1401.030029,1389.270020,1398.469971,1398.469971,0
2017-04-21,1397.339966,1397.410034,1392.000000,1394.290039,1394.290039,0
2017-04-24,1397.839966,1411.109985,1397.839966,1409.459961,1409.459961,0
2017-04-25,1410.810059,1420.699951,1410.810059,1418.400024,1418.400024,0
2017-04-26,1418.709961,1424.640015,1417.989990,1418.680054,1418.680054,0
2017-04-27,1419.040039,1421.359985,1415.800049,1419.380005,1419.380005,0
2017-04-28,1420.089966,1421.410034,1414.079956,1414.839966,1414.839966,0
2017-05-01,1416.280029,1421.589966,1414.939941,1417.910034,1417.910034,0
2017-05-02,1418.770020,1420.599976,1415.739990,1418.520020,1418.520020,0
2017-05-03,1416.829956,1416.829956,1410.959961,1415.510010,1415.510010,0
2017-05-04,1415.949951,1417.040039,1409.760010,1415.540039,1415.540039,0
2017-05-05,1416.579956,1422.280029,1415.560059,1422.280029,1422.280029,0
2017-05-08,1422.060059,1423.229980,1417.949951,1421.319946,1421.319946,0
2017-05-09,1421.550049,1423.869995,1417.319946,1420.140015,1420.140015,0
2017-05-10,1420.180054,1422.589966,1417.979980,1422.459961,1422.459961,0
2017-05-11,1421.630005,1421.630005,1410.790039,1418.489990,1418.489990,0
2017-05-12,1418.020020,1418.020020,1413.699951,1415.750000,1415.750000,0
2017-05-15,1416.430054,1424.589966,1416.430054,1423.119995,1423.119995,0
2017-05-16,1424.020020,1425.069946,1418.739990,1422.150024,1422.150024,0
2017-05-17,1419.449951,1419.449951,1394.890015,1395.280029,1395.280029,0
2017-05-18,1395.300049,1405.810059,1392.510010,1400.339966,1400.339966,0
2017-05-19,1400.880005,1414.430054,1400.880005,1409.900024,1409.900024,0
2017-05-22,1411.329956,1418.319946,1411.329956,1417.540039,1417.540039,0
2017-05-23,1418.119995,1421.660034,1416.829956,1420.060059,1420.060059,0
2017-05-24,1420.910034,1424.290039,1419.810059,1423.579956,1423.579956,0
2017-05-25,1424.800049,1431.239990,1424.800049,1429.150024,1429.150024,0
2017-05-26,1429.260010,1429.609985,1427.310059,1429.380005,1429.380005,0
2017-05-30,1428.760010,1428.760010,1424.869995,1426.510010,1426.510010,0
2017-05-31,1427.109985,1428.410034,1419.900024,1426.099976,1426.099976,0
2017-06-01,1427.160034,1439.050049,1427.160034,1439.050049,1439.050049,0
2017-06-02,1439.760010,1445.660034,1437.790039,1444.530029,1444.530029,0
2017-06-05,1443.890015,1444.410034,1441.430054,1441.780029,1441.780029,0
2017-06-06,1440.479980,1442.099976,1436.349976,1437.819946,1437.819946,0
2017-06-07,1438.900024,1441.199951,1435.109985,1439.790039,1439.790039,0
2017-06-08,1439.989990,1444.619995,1437.569946,1441.949951,1441.949951,0
2017-06-09,1442.780029,1450.109985,1432.989990,1441.250000,1441.250000,0
2017-06-12,1438.810059,1440.579956,1434.540039,1439.969971,1439.969971,0
2017-06-13,1442.040039,1447.449951,1441.810059,1446.989990,1446.989990,0
2017-06-14,1448.310059,1448.920044,1439.310059,1444.739990,1444.739990,0
2017-06-15,1441.989990,1441.989990,1433.290039,1440.939941,1440.939941,0
2017-06-16,1440.030029,1440.849976,1434.780029,1440.849976,1440.849976,0
2017-06-19,1440.030029,1453.079956,1434.780029,1452.819946,1452.819946,0
2017-06-20,1451.209961,1451.209961,1442.079956,1442.329956,1442.329956,0
2017-06-21,1443.310059,1445.959961,1438.579956,1440.989990,1440.989990,0
2017-06-22,1441.369995,1445.020020,1439.550049,1441.089966,1441.089966,0
2017-06-23,1441.239990,1445.920044,1439.359985,1444.550049,1444.550049,0
2017-06-26,1446.819946,1451.640015,1443.390015,1445.520020,1445.520020,0
2017-06-27,1444.800049,1446.280029,1433.439941,1433.439941,1433.439941,0
2017-06-28,1435.829956,1448.219971,1435.829956,1446.969971,1446.969971,0
2017-06-29,1446.949951,1448.219971,1425.920044,1434.750000,1434.750000,0
2017-06-30,1437.109985,1442.180054,1435.469971,1436.819946,1436.819946,0
2017-07-03,1440.650024,1446.260010,1440.650024,1441.000000,1441.000000,0
2017-07-05,1441.160034,1443.079956,1436.119995,1441.800049,1441.800049,0
2017-07-06,1440.119995,1440.119995,1425.969971,1427.160034,1427.160034,0
2017-07-07,1429.089966,1437.859985,1429.089966,1437.109985,1437.109985,0
2017-07-10,1436.790039,1440.270020,1435.089966,1437.430054,1437.430054,0
2017-07-11,1437.329956,1439.199951,1429.589966,1437.239990,1437.239990,0
2017-07-12,1440.979980,1449.420044,1440.979980,1447.810059,1447.810059,0
2017-07-13,1448.380005,1450.949951,1446.099976,1450.359985,1450.359985,0
2017-07-14,1450.849976,1459.349976,1449.859985,1456.729980,1456.729980,0
2017-07-17,1457.040039,1459.089966,1455.359985,1456.969971,1456.969971,0
2017-07-18,1456.170044,1457.439941,1451.489990,1457.239990,1457.239990,0
2017-07-19,1458.089966,1466.020020,1458.089966,1466.020020,1466.020020,0
2017-07-20,1466.550049,1468.150024,1462.979980,1465.780029,1465.780029,0
2017-07-21,1464.729980,1464.729980,1461.040039,1464.689941,1464.689941,0
2017-07-24,1464.660034,1465.550049,1461.430054,1463.989990,1463.989990,0
2017-07-25,1465.619995,1471.500000,1465.619995,1469.209961,1469.209961,0
2017-07-26,1469.729980,1471.150024,1467.219971,1468.560059,1468.560059,0
2017-07-27,1470.510010,1471.869995,1457.349976,1465.880005,1465.880005,0
2017-07-28,1464.910034,1464.910034,1459.969971,1463.640015,1463.640015,0
2017-07-31,1464.250000,1466.949951,1460.739990,1462.319946,1462.319946,0
2017-08-01,1463.969971,1467.250000,1462.829956,1465.849976,1465.849976,0
2017-08-02,1465.420044,1467.640015,1458.130005,1464.489990,1464.489990,0
2017-08-03,1464.469971,1464.469971,1459.239990,1461.099976,1461.099976,0
2017-08-04,1461.760010,1465.569946,1461.380005,1464.469971,1464.469971,0
2017-08-07,1464.920044,1466.750000,1463.550049,1466.680054,1466.680054,0
2017-08-08,1465.729980,1473.020020,1460.359985,1462.979980,1462.979980,0
2017-08-09,1460.500000,1461.030029,1455.209961,1460.859985,1460.859985,0
2017-08-10,1458.359985,1458.359985,1438.939941,1439.160034,1439.160034,0
2017-08-11,1439.449951,1444.709961,1438.939941,1441.339966,1441.339966,0
2017-08-14,1444.739990,1457.449951,1444.739990,1456.339966,1456.339966,0
2017-08-15,1457.099976,1457.959961,1453.349976,1454.459961,1454.459961,0
2017-08-16,1455.670044,1461.060059,1454.640015,1456.760010,1456.760010,0
2017-08-17,1455.599976,1455.599976,1434.040039,1434.040039,1434.040039,0
2017-08-18,1433.510010,1439.530029,1428.260010,1431.520020,1431.520020,0
2017-08-21,1431.619995,1434.010010,1426.619995,1432.900024,1432.900024,0
2017-08-22,1434.640015,1448.469971,1434.640015,1447.209961,1447.209961,0
2017-08-23,1445.339966,1445.729980,1440.780029,1442.849976,1442.849976,0
2017-08-24,1444.000000,1447.030029,1439.449951,1440.790039,1440.790039,0
2017-08-25,1441.560059,1449.170044,1441.560059,1443.359985,1443.359985,0
2017-08-28,1444.699951,1447.000000,1441.050049,1444.189941,1444.189941,0
2017-08-29,1441.209961,1446.770020,1435.010010,1445.140015,1445.140015,0
2017-08-30,1445.020020,1453.630005,1443.750000,1452.390015,1452.390015,0
2017-08-31,1453.699951,1463.569946,1453.699951,1461.810059,1461.810059,0
2017-09-01,1462.750000,1467.229980,1462.750000,1465.449951,1465.449951,0
2017-09-05,1464.319946,1464.319946,1447.260010,1453.699951,1453.699951,0
2017-09-06,1454.930054,1460.290039,1454.380005,1457.770020,1457.770020,0
2017-09-07,1458.380005,1459.589966,1454.050049,1456.829956,1456.829956,0
2017-09-08,1456.260010,1458.260010,1453.430054,1455.250000,1455.250000,0
2017-09-11,1458.310059,1471.640015,1458.310059,1471.199951,1471.199951,0
2017-09-12,1472.189941,1476.760010,1472.189941,1476.680054,1476.680054,0
2017-09-13,1476.170044,1477.709961,1474.439941,1477.709961,1477.709961,0
2017-09-14,1476.920044,1477.760010,1473.479980,1476.099976,1476.099976,0
2017-09-15,1476.069946,1479.290039,1474.680054,1479.280029,1479.280029,0
2017-09-18,1479.839966,1484.630005,1479.839966,1482.530029,1482.530029,0
2017-09-19,1482.609985,1484.489990,1482.030029,1483.800049,1483.800049,0
2017-09-20,1484.000000,1485.699951,1479.199951,1485.489990,1485.489990,0
2017-09-21,1484.709961,1484.729980,1480.359985,1481.260010,1481.260010,0
2017-09-22,1479.520020,1483.500000,1479.270020,1482.859985,1482.859985,0
2017-09-25,1482.660034,1483.550049,1475.270020,1480.030029,1480.030029,0
2017-09-26,1481.140015,1483.869995,1479.599976,1480.459961,1480.459961,0
2017-09-27,1480.569946,1491.109985,1480.420044,1488.369995,1488.369995,0
2017-09-28,1487.770020,1490.520020,1485.349976,1490.339966,1490.339966,0
2017-09-29,1490.459961,1495.489990,1489.459961,1495.430054,1495.430054,0
2017-10-02,1495.800049,1502.660034,1495.800049,1502.630005,1502.630005,0
2017-10-03,1502.880005,1506.119995,1502.079956,1506.010010,1506.010010,0
2017-10-04,1505.790039,1509.310059,1504.189941,1507.439941,1507.439941,0
2017-10-05,1507.500000,1515.550049,1507.500000,1515.310059,1515.310059,0
2017-10-06,1515.310059,1515.310059,1510.469971,1513.689941,1513.689941,0
2017-10-09,1514.839966,1515.280029,1508.790039,1510.489990,1510.489990,0
2017-10-10,1511.930054,1516.930054,1510.760010,1513.959961,1513.959961,0
2017-10-11,1513.770020,1516.290039,1512.550049,1516.290039,1516.290039,0
2017-10-12,1516.260010,1516.459961,1512.709961,1514.000000,1514.000000,0
2017-10-13,1514.680054,1517.869995,1514.420044,1514.890015,1514.890015,0
2017-10-16,1514.829956,1518.719971,1514.469971,1517.150024,1517.150024,0
2017-10-17,1517.140015,1517.839966,1515.310059,1517.500000,1517.500000,0
2017-10-18,1517.630005,1520.979980,1517.630005,1519.130005,1519.130005,0
2017-10-19,1517.260010,1519.489990,1510.510010,1519.349976,1519.349976,0
2017-10-20,1519.839966,1527.459961,1519.839966,1527.189941,1527.189941,0
2017-10-23,1528.339966,1528.949951,1520.050049,1520.390015,1520.390015,0
2017-10-24,1520.800049,1524.910034,1520.800049,1522.880005,1522.880005,0
2017-10-25,1522.910034,1522.910034,1507.359985,1515.430054,1515.430054,0
2017-10-26,1515.609985,1521.439941,1515.609985,1518.020020,1518.020020,0
2017-10-27,1518.390015,1530.430054,1518.390015,1529.829956,1529.829956,0
2017-10-30,1529.229980,1529.229980,1521.369995,1523.630005,1523.630005,0
2017-10-31,1524.250000,1528.410034,1523.979980,1526.500000,1526.500000,0
2017-11-01,1527.369995,1534.400024,1524.500000,1527.510010,1527.510010,0
2017-11-02,1527.550049,1528.750000,1520.489990,1527.920044,1527.920044,0
2017-11-03,1529.579956,1532.469971,1525.859985,1532.270020,1532.270020,0
2017-11-06,1532.550049,1535.920044,1531.329956,1534.619995,1534.619995,0
2017-11-07,1534.589966,1537.540039,1528.750000,1532.140015,1532.140015,0
2017-11-08,1532.099976,1535.140015,1528.780029,1534.449951,1534.449951,0
2017-11-09,1533.939941,1533.939941,1517.859985,1528.400024,1528.400024,0
2017-11-10,1527.579956,1528.589966,1523.939941,1527.489990,1527.489990,0
2017-11-13,1525.520020,1530.439941,1522.599976,1528.849976,1528.849976,0
2017-11-14,1528.540039,1528.540039,1518.989990,1525.270020,1525.270020,0
2017-11-15,1522.670044,1522.670044,1512.099976,1517.089966,1517.089966,0
2017-11-16,1517.900024,1533.150024,1517.900024,1530.530029,1530.530029,0
2017-11-17,1530.199951,1530.630005,1527.239990,1528.329956,1528.329956,0
2017-11-20,1528.630005,1532.250000,1528.089966,1531.189941,1531.189941,0
2017-11-21,1531.569946,1542.430054,1531.569946,1541.790039,1541.790039,0
2017-11-22,1542.170044,1543.180054,1539.989990,1540.689941,1540.689941,0
2017-11-24,1541.550049,1544.500000,1541.550049,1543.750000,1543.750000,0
2017-11-27,1543.500000,1545.859985,1541.109985,1542.290039,1542.290039,0
2017-11-28,1542.979980,1558.119995,1542.979980,1557.900024,1557.900024,0
2017-11-29,1558.030029,1563.130005,1554.239990,1557.699951,1557.699951,0
2017-11-30,1559.349976,1575.079956,1559.349976,1569.219971,1569.219971,0
2017-12-01,1568.150024,1570.489990,1543.160034,1565.880005,1565.880005,0
2017-12-04,1568.689941,1580.369995,1563.560059,1563.699951,1563.699951,0
2017-12-05,1564.130005,1568.500000,1555.979980,1556.800049,1556.800049,0
2017-12-06,1555.670044,1558.489990,1553.640015,1555.510010,1555.510010,0
2017-12-07,1555.599976,1563.349976,1554.250000,1561.339966,1561.339966,0
2017-12-08,1563.010010,1570.020020,1563.010010,1569.359985,1569.359985,0
2017-12-11,1569.719971,1573.699951,1569.719971,1573.540039,1573.540039,0
2017-12-12,1573.530029,1578.609985,1573.530029,1574.920044,1574.920044,0
2017-12-13,1575.449951,1580.430054,1574.819946,1574.819946,1574.819946,0
2017-12-14,1575.160034,1577.849976,1567.260010,1567.260010,1567.260010,0
2017-12-15,1568.900024,1584.780029,1568.900024,1582.079956,1582.079956,0
2017-12-18,1584.109985,1594.329956,1584.109985,1591.959961,1591.959961,0
2017-12-19,1592.339966,1594.130005,1585.849976,1586.160034,1586.160034,0
2017-12-20,1587.709961,1591.790039,1583.310059,1585.420044,1585.420044,0
2017-12-21,1586.150024,1593.290039,1586.150024,1589.030029,1589.030029,0
2017-12-22,1589.069946,1589.699951,1585.420044,1588.250000,1588.250000,0
2017-12-26,1587.520020,1588.300049,1585.630005,1587.000000,1587.000000,0
2017-12-27,1587.189941,1590.280029,1586.300049,1588.160034,1588.160034,0
2017-12-28,1588.609985,1591.530029,1587.949951,1591.449951,1591.449951,0
2017-12-29,1591.959961,1594.150024,1582.770020,1582.770020,1582.770020,0
2018-01-02,1585.089966,1595.939941,1585.089966,1595.869995,1595.869995,0
2018-01-03,1595.839966,1605.890015,1595.839966,1605.189941,1605.189941,0
2018-01-04,1605.699951,1613.839966,1605.699951,1611.020020,1611.020020,0
2018-01-05,1612.140015,1621.479980,1612.140015,1621.369995,1621.369995,0
2018-01-08,1621.280029,1624.780029,1617.640015,1624.349976,1624.349976,0
2018-01-09,1624.349976,1630.630005,1624.349976,1625.920044,1625.920044,0
2018-01-10,1625.579956,1625.579956,1617.020020,1623.959961,1623.959961,0
2018-01-11,1623.959961,1637.380005,1623.959961,1637.380005,1637.380005,0
2018-01-12,1637.680054,1648.130005,1637.680054,1647.369995,1647.369995,0
2018-01-16,1648.569946,1659.130005,1635.729980,1639.859985,1639.859985,0
2018-01-17,1642.349976,1657.599976,1641.469971,1654.989990,1654.989990,0
2018-01-18,1654.699951,1656.310059,1648.930054,1651.540039,1651.540039,0
2018-01-19,1652.349976,1660.680054,1652.349976,1660.680054,1660.680054,0
2018-01-22,1660.709961,1673.699951,1660.099976,1673.680054,1673.680054,0
2018-01-23,1673.869995,1678.939941,1672.180054,1677.719971,1677.719971,0
2018-01-24,1678.530029,1685.079956,1668.469971,1675.520020,1675.520020,0
2018-01-25,1676.599976,1681.949951,1671.410034,1676.329956,1676.329956,0
2018-01-26,1677.900024,1694.229980,1677.900024,1694.229980,1694.229980,0
2018-01-29,1693.819946,1693.819946,1681.689941,1682.739990,1682.739990,0
2018-01-30,1681.599976,1681.599976,1662.640015,1664.750000,1664.750000,0
2018-01-31,1664.949951,1674.709961,1658.819946,1664.680054,1664.680054,0
2018-02-01,1664.199951,1671.630005,1659.119995,1664.369995,1664.369995,0
2018-02-02,1660.520020,1660.520020,1628.540039,1629.560059,1629.560059,0
2018-02-05,1627.119995,1630.130005,1560.310059,1564.660034,1564.660034,0
2018-02-06,1562.699951,1593.530029,1538.540039,1589.780029,1589.780029,0
2018-02-07,1589.780029,1607.920044,1583.119995,1583.180054,1583.180054,0
2018-02-08,1584.150024,1584.630005,1525.260010,1525.260010,1525.260010,0
2018-02-09,1525.780029,1557.130005,1496.939941,1546.550049,1546.550049,0
2018-02-12,1547.520020,1576.510010,1547.000000,1567.160034,1567.160034,0
2018-02-13,1566.969971,1574.689941,1557.109985,1571.520020,1571.520020,0
2018-02-14,1568.270020,1595.569946,1563.209961,1593.670044,1593.670044,0
2018-02-15,1596.910034,1612.630005,1588.829956,1612.530029,1612.530029,0
2018-02-16,1611.810059,1625.890015,1609.719971,1613.550049,1613.550049,0
2018-02-20,1612.829956,1616.810059,1598.930054,1603.979980,1603.979980,0
2018-02-21,1603.989990,1622.670044,1596.319946,1596.329956,1596.329956,0
2018-02-22,1597.689941,1613.130005,1593.979980,1597.109985,1597.109985,0
2018-02-23,1597.750000,1621.949951,1597.750000,1621.739990,1621.739990,0
2018-02-26,1624.290039,1639.810059,1624.270020,1639.170044,1639.170044,0
2018-02-27,1639.060059,1644.310059,1618.060059,1618.089966,1618.089966,0
2018-02-28,1618.920044,1627.400024,1599.979980,1600.150024,1600.150024,0
2018-03-01,1600.239990,1609.599976,1570.430054,1581.170044,1581.170044,0
2018-03-02,1578.859985,1594.060059,1563.930054,1591.380005,1591.380005,0
2018-03-05,1589.500000,1612.689941,1582.800049,1608.609985,1608.609985,0
2018-03-06,1608.609985,1615.550049,1603.839966,1614.569946,1614.569946,0
2018-03-07,1608.920044,1617.489990,1601.219971,1615.329956,1615.329956,0
2018-03-08,1616.369995,1622.140015,1612.140015,1621.239990,1621.239990,0
2018-03-09,1623.890015,1648.469971,1623.890015,1648.459961,1648.459961,0
2018-03-12,1649.469971,1654.329956,1644.829956,1647.410034,1647.410034,0
2018-03-13,1650.979980,1657.670044,1633.640015,1637.189941,1637.189941,0
2018-03-14,1638.829956,1643.849976,1625.569946,1628.189941,1628.189941,0
2018-03-15,1628.229980,1634.890015,1622.680054,1625.900024,1625.900024,0
2018-03-16,1626.979980,1634.560059,1626.979980,1629.680054,1629.680054,0
2018-03-19,1625.709961,1625.709961,1596.920044,1607.689941,1607.689941,0
2018-03-20,1608.060059,1614.189941,1606.170044,1609.979980,1609.979980,0
2018-03-21,1609.989990,1623.000000,1607.329956,1608.569946,1608.569946,0
2018-03-22,1605.069946,1605.069946,1568.260010,1568.719971,1568.719971,0
2018-03-23,1569.040039,1576.229980,1535.209961,1536.270020,1536.270020,0
2018-03-26,1537.589966,1577.920044,1537.589966,1576.500000,1576.500000,0
2018-03-27,1578.310059,1584.339966,1540.280029,1549.020020,1549.020020,0
2018-03-28,1547.680054,1559.300049,1538.069946,1544.780029,1544.780029,0
2018-03-29,1548.180054,1575.750000,1548.180054,1565.560059,1565.560059,0
2018-04-02,1562.260010,1563.689941,1515.050049,1530.280029,1530.280029,0
2018-04-03,1530.869995,1552.010010,1527.589966,1549.329956,1549.329956,0
2018-04-04,1545.199951,1569.939941,1527.780029,1567.089966,1567.089966,0
2018-04-05,1570.489990,1582.949951,1570.489990,1578.020020,1578.020020,0
2018-04-06,1573.780029,1574.530029,1533.699951,1544.280029,1544.280029,0
2018-04-09,1547.479980,1571.650024,1547.369995,1548.510010,1548.510010,0
2018-04-10,1550.790039,1579.589966,1550.790039,1574.670044,1574.670044,0
2018-04-11,1571.910034,1577.750000,1565.770020,1567.500000,1567.500000,0
2018-04-12,1569.819946,1585.729980,1569.819946,1579.680054,1579.680054,0
2018-04-13,1582.849976,1588.709961,1568.430054,1574.589966,1574.589966,0
2018-04-16,1578.089966,1592.310059,1578.089966,1587.579956,1587.579956,0
2018-04-17,1590.780029,1608.439941,1590.780029,1604.510010,1604.510010,0
2018-04-18,1605.219971,1611.739990,1603.589966,1606.459961,1606.459961,0
2018-04-19,1605.449951,1605.449951,1591.030029,1597.250000,1597.250000,0
2018-04-20,1597.109985,1597.479980,1579.319946,1584.380005,1584.380005,0
2018-04-23,1585.790039,1591.640015,1577.109985,1584.050049,1584.050049,0
2018-04-24,1585.660034,1592.170044,1554.560059,1564.359985,1564.359985,0
2018-04-25,1564.229980,1570.030029,1551.849976,1566.310059,1566.310059,0
2018-04-26,1568.589966,1586.829956,1568.589966,1581.469971,1581.469971,0
2018-04-27,1584.680054,1587.439941,1576.239990,1582.640015,1582.640015,0
2018-04-30,1583.300049,1590.099976,1569.900024,1569.910034,1569.910034,0
2018-05-01,1568.790039,1574.400024,1557.420044,1574.180054,1574.180054,0
2018-05-02,1573.349976,1578.849976,1562.560059,1564.569946,1564.569946,0
2018-05-03,1563.010010,1565.000000,1540.750000,1560.619995,1560.619995,0
2018-05-04,1559.540039,1585.369995,1552.880005,1580.760010,1580.760010,0
2018-05-07,1581.239990,1593.729980,1581.239990,1587.439941,1587.439941,0
2018-05-08,1587.180054,1590.020020,1578.880005,1588.060059,1588.060059,0
2018-05-09,1589.589966,1604.660034,1589.160034,1602.579956,1602.579956,0
2018-05-10,1604.239990,1618.660034,1604.239990,1616.380005,1616.380005,0
2018-05-11,1616.609985,1622.079956,1613.050049,1618.859985,1618.859985,0
2018-05-14,1619.790039,1627.060059,1617.030029,1619.400024,1619.400024,0
2018-05-15,1618.310059,1618.310059,1604.660034,1609.650024,1609.650024,0
2018-05-16,1609.739990,1620.270020,1609.739990,1617.030029,1617.030029,0
2018-05-17,1616.670044,1623.280029,1611.709961,1616.810059,1616.810059,0
2018-05-18,1616.589966,1616.880005,1611.290039,1613.479980,1613.479980,0
2018-05-21,1614.459961,1628.479980,1614.459961,1625.349976,1625.349976,0
2018-05-22,1625.599976,1630.260010,1618.010010,1619.250000,1619.250000,0
2018-05-23,1619.069946,1624.000000,1611.479980,1624.000000,1624.000000,0
2018-05-24,1623.800049,1623.800049,1609.619995,1621.369995,1621.369995,0
2018-05-25,1620.949951,1620.949951,1614.489990,1618.010010,1618.010010,0
2018-05-29,1616.150024,1616.150024,1594.180054,1601.619995,1601.619995,0
2018-05-30,1603.579956,1625.369995,1603.579956,1622.140015,1622.140015,0
2018-05-31,1622.060059,1622.060059,1608.219971,1610.670044,1610.670044,0
2018-06-01,1613.949951,1628.510010,1613.949951,1627.400024,1627.400024,0
2018-06-04,1628.770020,1635.739990,1628.770020,1634.989990,1634.989990,0
2018-06-05,1635.000000,1638.910034,1631.459961,1637.380005,1637.380005,0
2018-06-06,1638.640015,1651.260010,1637.510010,1651.260010,1651.260010,0
2018-06-07,1651.369995,1655.760010,1643.390015,1649.420044,1649.420044,0
2018-06-08,1649.349976,1655.020020,1645.890015,1654.739990,1654.739990,0
2018-06-11,1654.760010,1660.469971,1654.760010,1656.430054,1656.430054,0
2018-06-12,1657.339966,1662.099976,1655.400024,1660.030029,1660.030029,0
2018-06-13,1660.790039,1662.520020,1652.760010,1653.160034,1653.160034,0
2018-06-14,1654.910034,1660.800049,1653.560059,1657.630005,1657.630005,0
2018-06-15,1656.170044,1657.660034,1645.680054,1656.180054,1656.180054,0
2018-06-18,1653.060059,1654.800049,1643.349976,1654.329956,1654.329956,0
2018-06-19,1653.229980,1653.229980,1635.829956,1648.109985,1648.109985,0
2018-06-20,1650.300049,1656.219971,1649.420044,1652.449951,1652.449951,0
2018-06-21,1652.410034,1653.069946,1637.819946,1640.930054,1640.930054,0
2018-06-22,1643.400024,1648.770020,1642.310059,1643.390015,1643.390015,0
2018-06-25,1640.189941,1640.189941,1609.979980,1619.780029,1619.780029,0
2018-06-26,1621.359985,1629.300049,1618.739990,1624.089966,1624.089966,0
2018-06-27,1625.469971,1636.449951,1608.380005,1608.390015,1608.390015,0
2018-06-28,1607.790039,1622.369995,1603.310059,1617.959961,1617.959961,0
2018-06-29,1618.229980,1633.099976,1618.229980,1618.989990,1618.989990,0
2018-07-02,1618.310059,1624.550049,1608.160034,1624.390015,1624.390015,0
2018-07-03,1625.060059,1630.229980,1616.969971,1618.040039,1618.040039,0
2018-07-05,1619.729980,1632.520020,1619.640015,1632.170044,1632.170044,0
2018-07-06,1632.140015,1648.449951,1630.709961,1646.300049,1646.300049,0
2018-07-09,1648.099976,1660.670044,1648.099976,1660.430054,1660.430054,0
2018-07-10,1660.430054,1666.489990,1659.900024,1664.530029,1664.530029,0
2018-07-11,1661.609985,1661.609985,1651.209961,1652.859985,1652.859985,0
2018-07-12,1656.189941,1666.719971,1656.189941,1666.280029,1666.280029,0
2018-07-13,1666.260010,1670.250000,1662.609985,1667.359985,1667.359985,0
2018-07-16,1667.680054,1668.750000,1661.569946,1664.349976,1664.349976,0
2018-07-17,1662.209961,1674.010010,1658.989990,1671.530029,1671.530029,0
2018-07-18,1671.439941,1676.000000,1668.810059,1675.459961,1675.459961,0
2018-07-19,1674.109985,1674.800049,1666.569946,1670.790039,1670.790039,0
2018-07-20,1670.209961,1672.829956,1667.800049,1668.439941,1668.439941,0
2018-07-23,1667.839966,1672.010010,1664.130005,1670.949951,1670.949951,0
2018-07-24,1672.020020,1682.469971,1669.300049,1674.479980,1674.479980,0
2018-07-25,1674.439941,1689.420044,1673.270020,1688.599976,1688.599976,0
2018-07-26,1688.530029,1689.959961,1682.949951,1685.599976,1685.599976,0
2018-07-27,1685.599976,1689.290039,1666.089966,1672.000000,1672.000000,0
2018-07-30,1672.439941,1673.739990,1659.380005,1661.449951,1661.449951,0
2018-07-31,1661.530029,1675.699951,1661.530029,1670.959961,1670.959961,0
2018-08-01,1673.540039,1676.270020,1664.650024,1669.400024,1669.400024,0
2018-08-02,1669.400024,1680.589966,1660.849976,1679.310059,1679.310059,0
2018-08-03,1679.359985,1685.040039,1678.780029,1685.030029,1685.030029,0
2018-08-06,1684.869995,1693.290039,1682.930054,1691.849976,1691.849976,0
2018-08-07,1692.439941,1699.449951,1692.439941,1696.800049,1696.800049,0
2018-08-08,1696.800049,1698.680054,1692.839966,1695.949951,1695.949951,0
2018-08-09,1695.949951,1700.030029,1693.680054,1694.540039,1694.540039,0
2018-08-10,1692.339966,1692.339966,1680.140015,1683.689941,1683.689941,0
2018-08-13,1684.119995,1689.189941,1674.829956,1676.339966,1676.339966,0
2018-08-14,1676.550049,1689.300049,1676.550049,1687.609985,1687.609985,0
2018-08-15,1685.729980,1685.729980,1664.619995,1673.599976,1673.599976,0
2018-08-16,1676.560059,1692.619995,1676.560059,1686.930054,1686.930054,0
2018-08-17,1686.930054,1695.439941,1682.750000,1692.630005,1692.630005,0
2018-08-20,1693.949951,1698.630005,1692.630005,1697.069946,1697.069946,0
2018-08-21,1697.989990,1708.209961,1697.989990,1702.640015,1702.640015,0
2018-08-22,1702.150024,1705.469971,1699.290039,1702.760010,1702.760010,0
2018-08-23,1702.770020,1706.410034,1697.709961,1699.530029,1699.530029,0
2018-08-24,1700.810059,1710.920044,1700.810059,1710.130005,1710.130005,0
2018-08-27,1713.109985,1723.459961,1713.109985,1722.130005,1722.130005,0
2018-08-28,1723.400024,1726.369995,1719.780029,1722.839966,1722.839966,0
2018-08-29,1723.800049,1733.699951,1723.209961,1732.119995,1732.119995,0
2018-08-30,1730.650024,1731.430054,1721.859985,1724.810059,1724.810059,0
2018-08-31,1724.300049,1727.630005,1720.250000,1726.089966,1726.089966,0
2018-09-04,1725.969971,1725.969971,1716.069946,1723.239990,1723.239990,0
2018-09-05,1722.790039,1722.790039,1709.979980,1717.550049,1717.550049,0
2018-09-06,1717.880005,1719.890015,1705.280029,1710.689941,1710.689941,0
2018-09-07,1707.530029,1714.469971,1702.750000,1706.989990,1706.989990,0
2018-09-10,1709.849976,1715.449951,1709.780029,1710.709961,1710.709961,0
2018-09-11,1710.209961,1719.219971,1704.520020,1716.390015,1716.390015,0
2018-09-12,1716.599976,1719.180054,1709.739990,1716.829956,1716.829956,0
2018-09-13,1719.079956,1727.020020,1719.079956,1724.849976,1724.849976,0
2018-09-14,1725.140015,1728.520020,1720.930054,1726.349976,1726.349976,0
2018-09-17,1725.530029,1726.280029,1713.579956,1714.979980,1714.979980,0
2018-09-18,1715.000000,1727.839966,1715.000000,1723.969971,1723.969971,0
2018-09-19,1724.109985,1728.069946,1723.180054,1724.380005,1724.380005,0
2018-09-20,1726.209961,1740.060059,1726.209961,1737.969971,1737.969971,0
2018-09-21,1738.150024,1743.650024,1735.010010,1736.430054,1736.430054,0
2018-09-24,1734.339966,1734.339966,1726.369995,1730.150024,1730.150024,0
2018-09-25,1730.270020,1733.040039,1728.020020,1728.849976,1728.849976,0
2018-09-26,1728.939941,1736.739990,1720.420044,1721.689941,1721.689941,0
2018-09-27,1722.540039,1733.250000,1722.540039,1725.829956,1725.829956,0
2018-09-28,1724.770020,1730.109985,1722.270020,1726.520020,1726.520020,0
2018-10-01,1729.530029,1738.459961,1725.449951,1729.189941,1729.189941,0
2018-10-02,1729.290039,1731.689941,1724.260010,1726.469971,1726.469971,0
2018-10-03,1728.260010,1736.069946,1726.930054,1729.329956,1729.329956,0
2018-10-04,1728.130005,1728.130005,1704.109985,1713.390015,1713.390015,0
2018-10-05,1713.579956,1717.739990,1693.000000,1703.040039,1703.040039,0
2018-10-08,1700.719971,1704.369995,1688.569946,1701.130005,1701.130005,0
2018-10-09,1700.949951,1706.989990,1695.650024,1697.829956,1697.829956,0
2018-10-10,1697.680054,1697.680054,1642.390015,1642.770020,1642.770020,0
2018-10-11,1642.520020,1648.359985,1601.400024,1609.699951,1609.699951,0
2018-10-12,1610.050049,1637.010010,1608.989990,1630.569946,1630.569946,0
2018-10-15,1630.130005,1636.839966,1620.500000,1623.119995,1623.119995,0
2018-10-16,1624.729980,1660.880005,1624.729980,1659.239990,1659.239990,0
2018-10-17,1660.020020,1661.750000,1641.829956,1657.829956,1657.829956,0
2018-10-18,1656.290039,1656.290039,1625.839966,1633.280029,1633.280029,0
2018-10-19,1634.010010,1649.180054,1626.300049,1630.050049,1630.050049,0
2018-10-22,1630.119995,1636.209961,1619.709961,1623.390015,1623.390015,0
2018-10-23,1622.260010,1622.260010,1585.310059,1614.030029,1614.030029,0
2018-10-24,1613.829956,1614.910034,1560.890015,1562.920044,1562.920044,0
2018-10-25,1563.859985,1601.829956,1563.859985,1592.209961,1592.209961,0
2018-10-26,1589.880005,1589.880005,1547.209961,1565.939941,1565.939941,0
2018-10-29,1571.430054,1594.260010,1534.599976,1555.689941,1555.689941,0
2018-10-30,1555.699951,1582.189941,1552.609985,1580.739990,1580.739990,0
2018-10-31,1585.810059,1611.829956,1585.810059,1597.709961,1597.709961,0
2018-11-01,1598.329956,1618.319946,1597.459961,1617.479980,1617.479980,0
2018-11-02,1619.050049,1627.089966,1595.560059,1608.459961,1608.459961,0
2018-11-05,1608.979980,1619.109985,1604.150024,1615.689941,1615.689941,0
2018-11-06,1615.709961,1626.040039,1614.540039,1625.420044,1625.420044,0
2018-11-07,1626.479980,1659.329956,1626.479980,1658.699951,1658.699951,0
2018-11-08,1657.939941,1659.089966,1647.449951,1653.869995,1653.869995,0
2018-11-09,1652.209961,1652.209961,1627.290039,1637.229980,1637.229980,0
2018-11-12,1636.410034,1636.410034,1602.930054,1604.969971,1604.969971,0
2018-11-13,1605.530029,1621.959961,1599.150024,1602.900024,1602.900024,0
2018-11-14,1605.640015,1617.640015,1581.790039,1590.599976,1590.599976,0
2018-11-15,1590.500000,1610.709961,1573.760010,1608.260010,1608.260010,0
2018-11-16,1608.109985,1616.719971,1597.739990,1611.760010,1611.760010,0
2018-11-19,1611.479980,1611.479980,1578.569946,1583.609985,1583.609985,0
2018-11-20,1583.310059,1583.310059,1549.369995,1555.420044,1555.420044,0
2018-11-21,1555.520020,1574.380005,1555.520020,1562.680054,1562.680054,0
2018-11-23,1560.739990,1562.819946,1552.180054,1554.010010,1554.010010,0
2018-11-26,1555.329956,1578.369995,1555.329956,1577.839966,1577.839966,0
2018-11-27,1576.310059,1580.119995,1567.900024,1579.880005,1579.880005,0
2018-11-28,1580.339966,1616.750000,1580.339966,1616.589966,1616.589966,0
2018-11-29,1615.920044,1622.599976,1604.099976,1613.150024,1613.150024,0
2018-11-30,1613.339966,1626.550049,1610.439941,1625.989990,1625.989990,0
2018-12-03,1631.689941,1649.199951,1631.689941,1643.900024,1643.900024,0
2018-12-04,1643.550049,1643.550049,1587.530029,1589.079956,1589.079956,0
2018-12-06,1585.510010,1587.199951,1544.329956,1587.180054,1587.180054,0
2018-12-07,1586.619995,1594.339966,1544.560059,1550.489990,1550.489990,0
2018-12-10,1550.199951,1557.380005,1522.459961,1551.949951,1551.949951,0
2018-12-11,1553.040039,1573.239990,1542.380005,1550.849976,1550.849976,0
2018-12-12,1552.650024,1579.589966,1552.650024,1560.050049,1560.050049,0
2018-12-13,1560.449951,1569.250000,1550.170044,1556.780029,1556.780029,0
2018-12-14,1555.109985,1555.109985,1524.790039,1528.359985,1528.359985,0
2018-12-17,1527.650024,1528.880005,1487.170044,1495.609985,1495.609985,0
2018-12-18,1496.550049,1512.599976,1486.739990,1495.719971,1495.719971,0
2018-12-19,1496.099976,1517.050049,1462.750000,1472.180054,1472.180054,0
2018-12-20,1472.170044,1473.369995,1433.380005,1448.560059,1448.560059,0
2018-12-21,1448.560059,1468.290039,1413.670044,1418.060059,1418.060059,0
2018-12-24,null,null,null,null,null,null
2018-12-26,1384.170044,1449.189941,1379.010010,1449.160034,1449.160034,0
2018-12-27,null,null,null,null,null,null
2018-12-28,1461.020020,1479.069946,1451.619995,1459.520020,1459.520020,0
2018-12-31,1464.680054,1472.390015,1457.209961,1472.140015,1472.140015,0
2019-01-02,1470.369995,1478.449951,1448.640015,1473.660034,1473.660034,0
2019-01-03,1473.069946,1473.069946,1436.810059,1438.760010,1438.760010,0
2019-01-04,1440.420044,1492.069946,1440.420044,1488.530029,1488.530029,0
2019-01-07,1489.420044,1510.689941,1486.170044,1501.329956,1501.329956,0
2019-01-08,1505.130005,1518.699951,1500.469971,1517.140015,1517.140015,0
2019-01-09,1517.819946,1529.660034,1515.170044,1524.619995,1524.619995,0
2019-01-10,1522.880005,1532.310059,1511.319946,1531.829956,1531.829956,0
2019-01-11,1530.189941,1531.880005,1521.199951,1531.880005,1531.880005,0
2019-01-14,1531.000000,1531.000000,1517.280029,1523.010010,1523.010010,0
2019-01-15,1523.349976,1539.790039,1523.349976,1538.770020,1538.770020,0
2019-01-16,null,null,null,null,null,null
2019-01-17,1542.739990,1560.619995,1537.780029,1555.349976,1555.349976,0
2019-01-18,1555.900024,1578.140015,1555.900024,1575.359985,1575.359985,0
2019-01-22,1573.829956,1573.829956,1544.060059,1552.670044,1552.670044,0
2019-01-23,1553.859985,1564.300049,1540.619995,1555.099976,1555.099976,0
2019-01-24,1555.739990,1560.969971,1550.199951,1558.880005,1558.880005,0
2019-01-25,1560.280029,1576.589966,1560.280029,1573.310059,1573.310059,0
2019-01-28,null,null,null,null,null,null
2019-01-29,1561.949951,1565.709961,1555.069946,1559.729980,1559.729980,0
2019-01-30,1563.800049,1588.300049,1563.619995,1583.040039,1583.040039,0
2019-01-31,1582.680054,1599.119995,1580.859985,1596.540039,1596.540039,0
2019-02-01,1596.569946,1603.800049,1593.310059,1599.069946,1599.069946,0
2019-02-04,1599.010010,1610.520020,1595.030029,1610.510010,1610.510010,0
2019-02-05,1610.939941,1618.579956,1610.010010,1617.800049,1617.800049,0
2019-02-06,1617.069946,1618.199951,1609.670044,1614.280029,1614.280029,0
2019-02-07,1613.099976,1613.099976,1588.719971,1599.969971,1599.969971,0
2019-02-08,1596.959961,1601.199951,1586.310059,1601.140015,1601.140015,0
2019-02-11,1601.650024,1607.170044,1600.069946,1603.699951,1603.699951,0
2019-02-12,1604.079956,1625.839966,1604.079956,1624.199951,1624.199951,0
2019-02-13,1625.000000,1633.420044,1625.000000,1629.010010,1629.010010,0
2019-02-14,1628.150024,1632.310059,1616.939941,1625.479980,1625.479980,0
2019-02-15,1627.709961,1643.500000,1627.709961,1643.449951,1643.449951,0
2019-02-19,1643.160034,1650.459961,1639.030029,1646.109985,1646.109985,0
2019-02-20,1645.890015,1651.599976,1643.260010,1649.109985,1649.109985,0
2019-02-21,1648.300049,1648.300049,1637.410034,1643.229980,1643.229980,0
2019-02-22,1643.949951,1655.069946,1643.949951,1654.540039,1654.540039,0
2019-02-25,1656.410034,1666.930054,1655.930054,1656.439941,1656.439941,0
2019-02-26,null,null,null,null,null,null
2019-02-27,1652.979980,1655.770020,1644.050049,1654.160034,1654.160034,0
2019-02-28,1653.380005,1654.849976,1648.339966,1649.219971,1649.219971,0
2019-03-01,1650.189941,1662.719971,1650.189941,1660.609985,1660.609985,0
2019-03-04,null,null,null,null,null,null
2019-03-05,1653.060059,1654.170044,1646.569946,1650.260010,1650.260010,0
2019-03-06,null,null,null,null,null,null
2019-03-07,1637.109985,1637.109985,1618.819946,1624.060059,1624.060059,0
2019-03-08,1623.339966,1623.339966,1609.140015,1620.699951,1620.699951,0
2019-03-11,1621.900024,1644.959961,1621.900024,1644.869995,1644.869995,0
2019-03-12,1645.510010,1653.500000,1645.510010,1649.469971,1649.469971,0
2019-03-13,1650.699951,1666.180054,1650.699951,1660.250000,1660.250000,0
2019-03-14,1660.959961,1661.869995,1655.780029,1658.359985,1658.359985,0
2019-03-15,1659.859985,1671.180054,1659.859985,1665.839966,1665.839966,0
2019-03-18,1666.569946,1674.439941,1665.660034,1672.589966,1672.589966,0
2019-03-19,1673.349976,1682.630005,1666.219971,1671.180054,1671.180054,0
2019-03-20,1670.760010,1677.239990,1658.229980,1665.250000,1665.250000,0
2019-03-21,null,null,null,null,null,null
2019-03-22,1683.479980,1683.479980,1648.949951,1649.050049,1649.050049,0
2019-03-25,null,null,null,null,null,null
2019-03-26,1650.170044,1667.209961,1650.170044,1660.599976,1660.599976,0
2019-03-27,null,null,null,null,null,null
2019-03-28,1653.630005,1662.109985,1649.609985,1660.030029,1660.030029,0
2019-03-29,null,null,null,null,null,null
2019-04-01,1672.709961,1691.250000,1672.709961,1690.180054,1690.180054,0
2019-04-02,1690.380005,1691.239990,1684.510010,1689.890015,1689.890015,0
2019-04-03,1693.109985,1701.180054,1689.589966,1694.329956,1694.329956,0
2019-04-04,1694.329956,1698.609985,1689.839966,1697.430054,1697.430054,0
2019-04-05,1697.849976,1706.469971,1697.849976,1706.280029,1706.280029,0
2019-04-08,1705.729980,1707.709961,1698.660034,1707.670044,1707.670044,0
2019-04-09,null,null,null,null,null,null
2019-04-10,1696.729980,1704.880005,1696.729980,1704.270020,1704.270020,0
2019-04-11,null,null,null,null,null,null
2019-04-12,1705.819946,1716.969971,1705.819946,1715.420044,1715.420044,0
2019-04-15,1715.410034,1716.640015,1708.890015,1713.869995,1713.869995,0
2019-04-16,1714.650024,1719.750000,1711.079956,1714.660034,1714.660034,0
2019-04-17,null,null,null,null,null,null
2019-04-18,1708.819946,1712.609985,1702.819946,1710.969971,1710.969971,0
2019-04-22,1710.420044,1712.689941,1706.010010,1711.869995,1711.869995,0
2019-04-23,1712.030029,1729.719971,1712.030029,1728.430054,1728.430054,0
2019-04-24,1728.380005,1731.130005,1724.680054,1725.520020,1725.520020,0
2019-04-25,null,null,null,null,null,null
2019-04-26,1723.280029,1732.430054,1719.099976,1732.430054,1732.430054,0
2019-04-29,1732.339966,1738.560059,1732.339966,1734.709961,1734.709961,0
2019-04-30,null,null,null,null,null,null
2019-05-01,1738.589966,1740.030029,1722.130005,1722.229980,1722.229980,0
2019-05-02,1722.069946,1727.449951,1708.739990,1719.630005,1719.630005,0
2019-05-03,1720.719971,1738.369995,1720.719971,1737.949951,1737.949951,0
2019-05-06,1735.459961,1735.459961,1713.270020,1731.209961,1731.209961,0
2019-05-07,1729.369995,1729.369995,1689.560059,1701.829956,1701.829956,0
2019-05-08,1701.589966,1709.410034,1696.020020,1698.729980,1698.729980,0
2019-05-09,1698.430054,1698.430054,1673.040039,1693.880005,1693.880005,0
2019-05-10,1693.880005,1705.089966,1667.630005,1699.780029,1699.780029,0
2019-05-13,1699.760010,1699.760010,1651.209961,1656.760010,1656.760010,0
2019-05-14,null,null,null,null,null,null
2019-05-15,1671.040039,1684.959961,1660.170044,1680.910034,1680.910034,0
2019-05-16,1680.910034,1704.760010,1680.910034,1695.599976,1695.599976,0
2019-05-17,1694.900024,1699.910034,1682.290039,1683.930054,1683.930054,0
2019-05-20,1678.310059,1679.630005,1667.150024,1672.089966,1672.089966,0
2019-05-21,null,null,null,null,null,null
2019-05-22,1685.729980,1686.239990,1678.589966,1681.550049,1681.550049,0
2019-05-23,1674.369995,1674.369995,1650.589966,1659.900024,1659.900024,0
2019-05-24,1663.589966,1671.489990,1659.520020,1663.359985,1663.359985,0
2019-05-28,1664.250000,1671.689941,1649.500000,1649.750000,1649.750000,0
2019-05-29,1649.599976,1649.599976,1628.250000,1638.060059,1638.060059,0
2019-05-30,1639.260010,1647.599976,1633.770020,1640.689941,1640.689941,0
2019-05-31,1635.949951,1635.949951,1618.069946,1619.719971,1619.719971,0
2019-06-03,1620.020020,1626.689941,1607.219971,1616.079956,1616.079956,0
2019-06-04,null,null,null,null,null,null
2019-06-05,1655.219971,1664.579956,1649.069946,1664.119995,1664.119995,0
2019-06-06,1664.859985,1671.760010,1660.839966,1670.170044,1670.170044,0
2019-06-07,1674.459961,1695.869995,1674.459961,1689.430054,1689.430054,0
2019-06-10,1690.420044,1708.760010,1690.420044,1697.869995,1697.869995,0
2019-06-11,1698.040039,1711.569946,1692.290039,1696.609985,1696.609985,0
2019-06-12,1696.479980,1697.890015,1690.280029,1693.520020,1693.520020,0
2019-06-13,1693.540039,1702.650024,1693.540039,1701.400024,1701.400024,0
2019-06-14,null,null,null,null,null,null
2019-06-17,1697.250000,1703.890015,1697.250000,1699.550049,1699.550049,0
2019-06-18,1699.599976,1724.459961,1699.599976,1716.469971,1716.469971,0
2019-06-19,1717.280029,1724.790039,1713.630005,1722.069946,1722.069946,0
2019-06-20,1727.469971,1739.430054,1724.819946,1737.390015,1737.390015,0
2019-06-21,1736.920044,1741.189941,1731.280029,1733.449951,1733.449951,0
2019-06-24,1734.040039,1735.619995,1727.560059,1728.079956,1728.079956,0
2019-06-25,1728.500000,1728.829956,1711.500000,1712.109985,1712.109985,0
2019-06-26,1714.219971,1721.339966,1711.819946,1713.660034,1713.660034,0
2019-06-27,null,null,null,null,null,null
2019-06-28,1720.829956,1732.069946,1720.829956,1730.900024,1730.900024,0
2019-07-01,null,null,null,null,null,null
2019-07-02,1743.530029,1747.170044,1738.369995,1747.089966,1747.089966,0
2019-07-03,1748.000000,1760.760010,1748.000000,1760.760010,1760.760010,0
2019-07-05,1760.010010,1760.119995,1744.699951,1758.530029,1758.530029,0
2019-07-08,1756.599976,1756.599976,1745.900024,1749.050049,1749.050049,0
2019-07-09,1747.439941,1753.030029,1742.500000,1752.000000,1752.000000,0
2019-07-10,1753.520020,1765.079956,1753.520020,1759.130005,1759.130005,0
2019-07-11,1759.410034,1763.859985,1755.500000,1761.920044,1761.920044,0
2019-07-12,1762.579956,1771.010010,1762.579956,1770.800049,1770.800049,0
2019-07-15,1771.449951,1773.250000,1767.239990,1770.420044,1770.420044,0
2019-07-16,null,null,null,null,null,null
2019-07-17,1765.119995,1765.400024,1753.920044,1754.000000,1754.000000,0
2019-07-18,1753.619995,1762.030029,1747.750000,1760.160034,1760.160034,0
2019-07-19,1762.810059,1766.390015,1749.250000,1749.489990,1749.489990,0
2019-07-22,1751.719971,1756.839966,1749.650024,1753.660034,1753.660034,0
2019-07-23,1755.310059,1765.709961,1755.310059,1765.609985,1765.609985,0
2019-07-24,1764.959961,1776.430054,1761.099976,1776.430054,1776.430054,0
2019-07-25,1776.219971,1776.219971,1762.709961,1765.569946,1765.569946,0
2019-07-26,1765.339966,1780.810059,1765.339966,1779.479980,1779.479980,0
2019-07-29,1779.579956,1779.579956,1771.050049,1775.280029,1775.280029,0
2019-07-30,1774.099976,1774.810059,1763.939941,1773.040039,1773.040039,0
2019-07-31,1772.969971,1776.420044,1742.729980,1754.650024,1754.650024,0
2019-08-01,1754.359985,1773.099976,1732.810059,1737.489990,1737.489990,0
2019-08-02,1737.359985,1737.359985,1712.699951,1723.310059,1723.310059,0
2019-08-05,1721.640015,1721.640015,1658.199951,1671.770020,1671.770020,0
2019-08-06,1672.199951,1694.689941,1672.199951,1693.359985,1693.359985,0
2019-08-07,1692.920044,1699.569946,1662.030029,1695.099976,1695.099976,0
2019-08-08,1696.479980,1728.109985,1696.479980,1727.680054,1727.680054,0
2019-08-09,1726.420044,1726.420044,1705.469971,1714.969971,1714.969971,0
2019-08-12,1714.609985,1714.609985,1694.510010,1694.510010,1694.510010,0
2019-08-13,null,null,null,null,null,null
2019-08-14,1716.859985,1716.859985,1667.189941,1667.579956,1667.579956,0
2019-08-15,1667.689941,1675.819946,1658.660034,1670.520020,1670.520020,0
2019-08-16,1671.339966,1698.530029,1671.339966,1695.920044,1695.920044,0
2019-08-19,1698.949951,1719.859985,1698.949951,1715.459961,1715.459961,0
2019-08-20,1715.359985,1715.359985,1702.010010,1702.469971,1702.469971,0
2019-08-21,1703.010010,1718.900024,1703.010010,1716.560059,1716.560059,0
2019-08-22,1717.030029,1724.589966,1705.250000,1715.410034,1715.410034,0
2019-08-23,1714.290039,1717.430054,1664.439941,1670.739990,1670.739990,0
2019-08-26,1671.560059,1688.920044,1671.560059,1688.439941,1688.439941,0
2019-08-27,1690.969971,1700.010010,1676.670044,1681.170044,1681.170044,0
2019-08-28,1681.119995,1693.650024,1672.619995,1692.369995,1692.369995,0
2019-08-29,1697.050049,1717.709961,1697.050049,1714.430054,1714.430054,0
2019-08-30,1716.290039,1723.349976,1707.400024,1715.239990,1715.239990,0
2019-09-03,1714.479980,1714.479980,1695.189941,1701.979980,1701.979980,0
2019-09-04,1704.119995,1720.589966,1704.119995,1720.119995,1720.119995,0
2019-09-05,1724.390015,1748.400024,1724.390015,1742.900024,1742.900024,0
2019-09-06,1743.560059,1748.060059,1741.150024,1743.609985,1743.609985,0
2019-09-09,1745.219971,1749.119995,1738.510010,1744.380005,1744.380005,0
2019-09-10,1743.500000,1743.839966,1731.839966,1741.910034,1741.910034,0
2019-09-11,1746.449951,1761.069946,1744.489990,1761.060059,1761.060059,0
2019-09-12,1761.160034,1771.339966,1759.900024,1765.319946,1765.319946,0
2019-09-13,1765.790039,1770.319946,1761.550049,1763.900024,1763.900024,0
2019-09-16,1760.479980,1762.469971,1755.109985,1760.699951,1760.699951,0
2019-09-17,1760.369995,1764.729980,1757.689941,1764.500000,1764.500000,0
2019-09-18,1763.290039,1764.219971,1747.760010,1763.780029,1763.780029,0
2019-09-19,1764.790039,1773.099976,1761.400024,1763.280029,1763.280029,0
2019-09-20,1763.359985,1768.599976,1751.229980,1755.310059,1755.310059,0
2019-09-23,1753.319946,1758.719971,1749.209961,1755.209961,1755.209961,0
2019-09-24,1757.520020,1763.900024,1733.939941,1738.680054,1738.680054,0
2019-09-25,1738.770020,1752.969971,1731.500000,1750.189941,1750.189941,0
2019-09-26,1750.530029,1750.530029,1737.050049,1744.530029,1744.530029,0
2019-09-27,1745.500000,1749.510010,1725.089966,1734.000000,1734.000000,0
2019-09-30,1736.119995,1746.640015,1736.119995,1742.699951,1742.699951,0
2019-10-01,1743.140015,1752.160034,1719.329956,1720.119995,1720.119995,0
2019-10-02,1719.959961,1719.959961,1683.280029,1691.050049,1691.050049,0
2019-10-03,1689.969971,1704.709961,1672.609985,1704.489990,1704.489990,0
2019-10-04,1706.030029,1728.599976,1706.030029,1727.869995,1727.869995,0
2019-10-07,1726.310059,1732.449951,1718.689941,1720.849976,1720.849976,0
2019-10-08,1719.609985,1719.609985,1693.189941,1693.280029,1693.280029,0
2019-10-09,1698.650024,1713.859985,1698.650024,1708.219971,1708.219971,0
2019-10-10,1708.459961,1724.300049,1707.420044,1718.369995,1718.369995,0
2019-10-11,1720.020020,1751.750000,1720.020020,1738.619995,1738.619995,0
2019-10-14,1736.540039,1739.099976,1733.920044,1735.819946,1735.819946,0
2019-10-15,1738.780029,1757.270020,1738.780029,1752.959961,1752.959961,0
2019-10-16,1751.530029,1753.469971,1746.290039,1748.900024,1748.900024,0
2019-10-17,1754.099976,1760.229980,1751.650024,1755.150024,1755.150024,0
2019-10-18,1754.729980,1755.510010,1741.520020,1748.069946,1748.069946,0
2019-10-21,1750.780029,1760.369995,1750.780029,1759.739990,1759.739990,0
2019-10-22,1760.800049,1764.270020,1753.420044,1753.849976,1753.849976,0
2019-10-23,1752.329956,1758.489990,1750.849976,1758.390015,1758.390015,0
2019-10-24,1763.760010,1765.890015,1756.599976,1759.130005,1759.130005,0
2019-10-25,1759.010010,1773.170044,1758.810059,1770.319946,1770.319946,0
2019-10-28,1773.670044,1783.599976,1773.670044,1780.650024,1780.650024,0
2019-10-29,1779.630005,1785.260010,1777.579956,1779.619995,1779.619995,0
2019-10-30,1780.219971,1786.250000,1773.939941,1784.630005,1784.630005,0
2019-10-31,1784.109985,1784.150024,1769.829956,1778.199951,1778.199951,0
2019-11-01,1784.349976,1796.770020,1784.349976,1796.770020,1796.770020,0
2019-11-04,1802.150024,1807.250000,1801.459961,1803.439941,1803.439941,0
2019-11-05,1803.839966,1807.500000,1800.339966,1801.510010,1801.510010,0
2019-11-06,1801.520020,1801.849976,1795.630005,1801.349976,1801.349976,0
2019-11-07,1806.079956,1813.670044,1803.489990,1806.319946,1806.319946,0
2019-11-08,1804.920044,1811.449951,1800.089966,1811.449951,1811.449951,0
2019-11-11,1806.680054,1809.099976,1801.400024,1808.479980,1808.479980,0
2019-11-12,1809.420044,1817.609985,1807.489990,1811.050049,1811.050049,0
2019-11-13,1807.260010,1814.170044,1803.319946,1811.760010,1811.760010,0
2019-11-14,1809.569946,1814.219971,1806.589966,1813.400024,1813.400024,0
2019-11-15,1816.569946,1827.109985,1816.569946,1827.109985,1827.109985,0
2019-11-18,1825.900024,1828.910034,1822.199951,1827.709961,1827.709961,0
2019-11-19,1829.469971,1831.319946,1823.510010,1827.890015,1827.890015,0
2019-11-20,1825.150024,1828.219971,1811.780029,1821.750000,1821.750000,0
2019-11-21,1822.130005,1822.500000,1813.680054,1817.880005,1817.880005,0
2019-11-22,1820.739990,1823.250000,1815.500000,1821.989990,1821.989990,0
2019-11-25,1825.560059,1838.030029,1825.560059,1837.920044,1837.920044,0
2019-11-26,null,null,null,null,null,null
2019-11-27,1844.180054,1850.459961,1844.180054,1850.219971,1850.219971,0
2019-11-29,1847.900024,1847.969971,1841.229980,1842.050049,1842.050049,0
2019-12-02,1842.989990,1843.910034,1824.239990,1825.530029,1825.530029,0
2019-12-03,1822.780029,1822.780029,1800.890015,1814.410034,1814.410034,0
2019-12-04,1817.630005,1829.489990,1817.630005,1825.479980,1825.479980,0
2019-12-05,1827.510010,1829.239990,1820.520020,1827.760010,1827.760010,0
2019-12-06,1831.020020,1847.369995,1831.020020,1844.439941,1844.439941,0
2019-12-09,1842.430054,1845.939941,1838.560059,1838.569946,1838.569946,0
2019-12-10,1838.579956,1841.869995,1833.689941,1836.729980,1836.729980,0
2019-12-11,1838.250000,1842.510010,1836.489990,1841.250000,1841.250000,0
2019-12-12,1840.910034,1861.060059,1839.439941,1856.280029,1856.280029,0
2019-12-13,1855.619995,1864.300049,1848.780029,1855.750000,1855.750000,0
2019-12-16,1862.780029,1873.479980,1862.780029,1869.310059,1869.310059,0
2019-12-17,1869.959961,1873.020020,1868.920044,1870.479980,1870.479980,0
2019-12-18,1872.020020,1873.949951,1869.810059,1870.290039,1870.290039,0
2019-12-19,1871.069946,1878.660034,1871.069946,1878.650024,1878.650024,0
2019-12-20,1882.079956,1889.920044,1881.619995,1887.819946,1887.819946,0
2019-12-23,1889.489990,1891.459961,1888.550049,1889.469971,1889.469971,0
2019-12-24,1890.479980,1890.979980,1887.780029,1889.630005,1889.630005,0
2019-12-26,1892.130005,1898.329956,1892.130005,1898.239990,1898.239990,0
2019-12-27,1901.510010,1903.050049,1894.109985,1897.239990,1897.239990,0
2019-12-30,1897.250000,1897.609985,1883.609985,1886.660034,1886.660034,0
2019-12-31,1882.849976,1892.719971,1881.449951,1892.250000,1892.250000,0
2020-01-02,1898.469971,1906.650024,1893.540039,1906.500000,1906.500000,0
2020-01-03,1898.089966,1900.459961,1889.489990,1894.530029,1894.530029,0
2020-01-06,1885.390015,1900.989990,1883.300049,1900.900024,1900.900024,0
2020-01-07,1899.050049,1900.219971,1893.150024,1896.010010,1896.010010,0
2020-01-08,1896.880005,1912.890015,1895.989990,1905.020020,1905.020020,0
2020-01-09,1912.510010,1917.459961,1910.819946,1916.709961,1916.709961,0
2020-01-10,1918.339966,1921.260010,1908.810059,1911.280029,1911.280029,0
2020-01-13,1913.939941,1925.219971,1912.790039,1925.219971,1925.219971,0
2020-01-14,1924.300049,1930.449951,1919.869995,1923.630005,1923.630005,0
2020-01-15,1923.489990,1933.290039,1922.380005,1927.329956,1927.329956,0
2020-01-16,1934.310059,1944.369995,1934.310059,1944.239990,1944.239990,0
2020-01-17,1947.459961,1949.959961,1944.569946,1949.869995,1949.869995,0
2020-01-21,1946.939941,1949.729980,1942.130005,1944.329956,1944.329956,0
2020-01-22,1949.199951,1954.670044,1943.989990,1945.040039,1945.040039,0
2020-01-23,1942.280029,1948.180054,1933.040039,1947.130005,1947.130005,0
2020-01-24,1949.489990,1952.099976,1920.780029,1929.119995,1929.119995,0
2020-01-27,1928.109985,1928.109985,1897.780029,1899.619995,1899.619995,0
2020-01-28,1904.099976,1923.839966,1904.099976,1918.660034,1918.660034,0
2020-01-29,1922.619995,1927.810059,1915.979980,1916.530029,1916.530029,0
2020-01-30,1909.880005,1923.290039,1899.160034,1922.250000,1922.250000,0
2020-01-31,1922.849976,1922.849976,1882.020020,1888.030029,1888.030029,0
2020-02-03,1893.729980,1913.489990,1893.729980,1903.630005,1903.630005,0
2020-02-04,1915.819946,1938.829956,1915.819946,1933.079956,1933.079956,0
2020-02-05,1944.010010,1954.219971,1941.000000,1952.670044,1952.670044,0
2020-02-06,1954.880005,1959.630005,1952.670044,1957.770020,1957.770020,0
2020-02-07,1953.709961,1954.229980,1943.140015,1946.349976,1946.349976,0
2020-02-10,1944.189941,1960.500000,1942.140015,1960.489990,1960.489990,0
2020-02-11,1966.339966,1975.119995,1962.560059,1965.180054,1965.180054,0
2020-02-12,1969.920044,1979.030029,1969.920044,1977.989990,1977.989990,0
2020-02-13,1972.829956,1982.089966,1967.449951,1976.219971,1976.219971,0
2020-02-14,1978.069946,1980.130005,1972.030029,1979.520020,1979.520020,0
2020-02-18,1976.369995,1977.119995,1965.859985,1974.670044,1974.670044,0
2020-02-19,1976.609985,1988.760010,1976.609985,1984.260010,1984.260010,0
2020-02-20,1981.819946,1987.089966,1959.680054,1978.550049,1978.550049,0
2020-02-21,1974.579956,1974.579956,1952.640015,1957.640015,1957.640015,0
2020-02-24,1951.280029,1951.280029,1885.859985,1893.000000,1893.000000,0
2020-02-25,1898.250000,1904.000000,1829.569946,1834.589966,1834.589966,0
2020-02-26,1834.859985,1864.280029,1821.089966,1824.739990,1824.739990,0
2020-02-27,1820.819946,1820.819946,1745.079956,1745.709961,1745.709961,0
2020-02-28,1745.319946,1745.319946,1674.660034,1730.310059,1730.310059,0
2020-03-02,1731.079956,1806.079956,1723.839966,1805.709961,1805.709961,0
2020-03-03,1805.650024,1831.390015,1741.339966,1756.959961,1756.959961,0
2020-03-04,1771.819946,1828.489990,1771.819946,1828.130005,1828.130005,0
2020-03-05,1821.689941,1821.689941,1752.140015,1766.369995,1766.369995,0
2020-03-06,1764.729980,1764.729980,1694.400024,1735.010010,1735.010010,0
2020-03-09,1690.339966,1690.339966,1592.780029,1598.849976,1598.849976,0
2020-03-10,1615.380005,1674.680054,1589.619995,1674.569946,1674.569946,0
2020-03-11,1672.319946,1672.319946,1570.079956,1589.489990,1589.489990,0
2020-03-12,1583.969971,1583.969971,1435.310059,1435.939941,1435.939941,0
2020-03-13,1456.050049,1564.709961,1439.089966,1564.709961,1564.709961,0
2020-03-16,1554.250000,1554.250000,1369.239990,1371.969971,1371.969971,0
2020-03-17,1377.939941,1464.750000,1357.670044,1451.410034,1451.410034,0
2020-03-18,1404.140015,1405.109985,1301.709961,1366.619995,1366.619995,0
2020-03-19,1364.060059,1412.619995,1323.760010,1382.839966,1382.839966,0
2020-03-20,1389.520020,1411.319946,1320.170044,1324.800049,1324.800049,0
2020-03-23,1324.260010,1324.260010,1259.729980,1288.040039,1288.040039,0
2020-03-24,1335.910034,1410.729980,1335.910034,1409.880005,1409.880005,0
2020-03-25,1413.459961,1483.849976,1388.969971,1429.250000,1429.250000,0
2020-03-26,1434.260010,1520.859985,1434.260010,1517.569946,1517.569946,0
2020-03-27,1505.520020,1507.680054,1453.510010,1466.359985,1466.359985,0
2020-03-30,1469.859985,1514.839966,1465.859985,1512.390015,1512.390015,0
2020-03-31,1509.579956,1520.310059,1480.050049,1489.569946,1489.569946,0
2020-04-01,1464.520020,1464.520020,1407.630005,1420.270020,1420.270020,0
2020-04-02,1419.699951,1455.680054,1411.260010,1449.520020,1449.520020,0
2020-04-03,1447.989990,1454.589966,1409.000000,1425.069946,1425.069946,0
2020-04-06,1460.369995,1533.869995,1460.369995,1527.209961,1527.209961,0
2020-04-07,1539.329956,1580.680054,1525.579956,1526.540039,1526.540039,0
2020-04-08,1532.560059,1586.760010,1530.060059,1581.130005,1581.130005,0
2020-04-09,1592.640015,1624.930054,1592.229980,1609.069946,1609.069946,0
2020-04-13,1602.910034,1602.910034,1567.459961,1590.319946,1590.319946,0
2020-04-14,1602.260010,1639.969971,1602.260010,1637.829956,1637.829956,0
2020-04-15,1630.020020,1630.020020,1587.520020,1599.479980,1599.479980,0
2020-04-16,1604.719971,1610.579956,1586.979980,1607.030029,1607.030029,0
2020-04-17,1614.500000,1655.719971,1614.500000,1653.160034,1653.160034,0
2020-04-20,1648.849976,1650.729980,1622.979980,1625.069946,1625.069946,0
2020-04-21,1611.650024,1611.650024,1569.380005,1575.500000,1575.500000,0
2020-04-22,1597.719971,1618.369995,1597.680054,1610.540039,1610.540039,0
2020-04-23,1613.359985,1637.959961,1609.729980,1611.459961,1611.459961,0
2020-04-24,1613.229980,1637.729980,1608.109985,1634.119995,1634.119995,0
2020-04-27,1640.250000,1668.719971,1640.250000,1663.349976,1663.349976,0
2020-04-28,1674.069946,1689.780029,1654.920044,1657.170044,1657.170044,0
2020-04-29,1662.670044,1713.920044,1662.670044,1705.319946,1705.319946,0
2020-04-30,1703.800049,1703.800049,1675.719971,1684.949951,1684.949951,0
2020-05-01,1654.739990,1656.770020,1629.260010,1635.589966,1635.589966,0
2020-05-04,1633.770020,1643.579956,1615.859985,1643.199951,1643.199951,0
2020-05-05,1647.560059,1676.939941,1647.560059,1658.609985,1658.609985,0
2020-05-06,1663.540039,1671.810059,1647.849976,1647.920044,1647.920044,0
2020-05-07,1652.060059,1680.739990,1652.060059,1669.089966,1669.089966,0
2020-05-08,1674.369995,1701.150024,1674.369995,1700.520020,1700.520020,0
2020-05-11,1693.319946,1708.880005,1684.439941,1700.030029,1700.030029,0
2020-05-12,1701.719971,1708.739990,1662.550049,1662.810059,1662.810059,0
2020-05-13,1662.660034,1663.040039,1614.959961,1630.369995,1630.369995,0
2020-05-14,1628.540039,1648.729980,1596.089966,1648.609985,1648.609985,0
2020-05-15,1646.969971,1657.510010,1628.719971,1656.810059,1656.810059,0
2020-05-18,1685.290039,1720.859985,1685.290039,1713.069946,1713.069946,0
2020-05-19,1711.790039,1720.219971,1694.589966,1694.890015,1694.890015,0
2020-05-20,1705.560059,1730.069946,1705.560059,1724.969971,1724.969971,0
2020-05-21,1723.400024,1729.079956,1706.160034,1713.729980,1713.729980,0
2020-05-22,1713.770020,1719.319946,1705.449951,1718.660034,1718.660034,0
2020-05-26,null,null,null,null,null,null
2020-05-27,1743.949951,1770.160034,1728.630005,1770.160034,1770.160034,0
2020-05-28,1768.910034,1786.989990,1759.439941,1763.219971,1763.219971,0
2020-05-29,1763.699951,1773.849976,1745.810059,1771.369995,1771.369995,0
2020-06-01,1770.579956,1785.180054,1765.420044,1780.520020,1780.520020,0
2020-06-02,1781.660034,1795.459961,1778.209961,1795.250000,1795.250000,0
2020-06-03,1798.050049,1826.510010,1798.050049,1822.180054,1822.180054,0
2020-06-04,1820.599976,1825.410034,1803.140015,1816.089966,1816.089966,0
2020-06-05,1818.719971,1875.920044,1818.719971,1864.219971,1864.219971,0
2020-06-08,1864.050049,1889.829956,1864.050049,1889.670044,1889.670044,0
2020-06-09,1888.390015,1888.390015,1863.329956,1871.670044,1871.670044,0
2020-06-10,1873.400024,1878.540039,1853.319946,1858.540039,1858.540039,0
2020-06-11,1855.410034,1855.410034,1745.530029,1746.699951,1746.699951,0
2020-06-12,1750.479980,1798.920044,1736.640015,1771.060059,1771.060059,0
2020-06-15,null,null,null,null,null,null
2020-06-16,1796.150024,1840.109985,1795.800049,1822.949951,1822.949951,0
2020-06-17,1824.780029,1831.160034,1812.030029,1814.910034,1814.910034,0
2020-06-18,1814.199951,1819.869995,1803.760010,1812.260010,1812.260010,0
2020-06-19,1818.060059,1837.709961,1798.060059,1806.390015,1806.390015,0
2020-06-22,1806.339966,1819.880005,1795.160034,1818.339966,1818.339966,0
2020-06-23,1819.800049,1838.969971,1819.800049,1825.650024,1825.650024,0
2020-06-24,1824.650024,1824.650024,1765.510010,1776.569946,1776.569946,0
2020-06-25,1776.380005,1798.829956,1761.449951,1797.520020,1797.520020,0
2020-06-26,1796.079956,1796.079956,1752.760010,1754.869995,1754.869995,0
2020-06-29,1756.459961,1781.890015,1749.310059,1781.489990,1781.489990,0
2020-06-30,1781.229980,1815.189941,1778.560059,1809.250000,1809.250000,0
2020-07-01,1810.869995,1824.819946,1809.020020,1817.420044,1817.420044,0
2020-07-02,1820.920044,1847.619995,1820.920044,1825.969971,1825.969971,4910900
2020-07-06,1827.719971,1857.880005,1827.719971,1854.459961,1854.459961,0
2020-07-07,1854.339966,1857.579956,1832.839966,1833.989990,1833.989990,0
2020-07-08,1835.010010,1850.579956,1829.479980,1849.550049,1849.550049,0
2020-07-09,1850.030029,1854.910034,1816.780029,1838.089966,1838.089966,0
2020-07-10,1837.939941,1858.930054,1829.430054,1858.099976,1858.099976,0
2020-07-13,1863.739990,1887.760010,1833.959961,1836.849976,1836.849976,0
2020-07-14,1835.170044,1863.189941,1821.020020,1861.800049,1861.800049,0
2020-07-15,1863.520020,1888.359985,1863.520020,1883.650024,1883.650024,0
2020-07-16,1877.000000,1878.810059,1866.420044,1876.170044,1876.170044,0
2020-07-17,1876.939941,1887.250000,1870.949951,1882.579956,1882.579956,0
2020-07-20,1882.810059,1902.439941,1878.310059,1899.030029,1899.030029,0
2020-07-21,1901.319946,1914.750000,1897.410034,1902.500000,1902.500000,0
2020-07-22,1902.140015,1914.829956,1901.089966,1913.319946,1913.319946,0
2020-07-23,1913.290039,1917.239990,1882.660034,1891.130005,1891.130005,0
2020-07-24,1889.699951,1889.699951,1868.540039,1877.040039,1877.040039,0
2020-07-27,1877.589966,1893.880005,1877.130005,1893.099976,1893.099976,0
2020-07-28,1892.810059,1895.170044,1878.630005,1879.670044,1879.670044,0
2020-07-29,1881.000000,1908.869995,1881.000000,1905.630005,1905.630005,0
2020-07-30,1904.739990,1904.739990,1874.689941,1899.170044,1899.170044,0
2020-07-31,1902.089966,1911.400024,1880.680054,1909.890015,1909.890015,0
2020-08-03,1917.739990,1930.810059,1917.739990,1926.550049,1926.550049,0
2020-08-04,1926.699951,1933.900024,1921.979980,1933.719971,1933.719971,0
2020-08-05,1935.449951,1949.310059,1935.449951,1948.250000,1948.250000,0
2020-08-06,1947.949951,1959.180054,1942.030029,1958.040039,1958.040039,0
2020-08-07,1955.390015,1960.410034,1945.449951,1959.479980,1959.479980,0
2020-08-10,1960.810059,1965.750000,1950.599976,1963.880005,1963.880005,0
2020-08-11,1964.260010,1976.619995,1944.319946,1948.290039,1948.290039,0
2020-08-12,1950.250000,1978.339966,1950.250000,1974.479980,1974.479980,0
2020-08-13,1973.260010,1980.780029,1966.689941,1972.229980,1972.229980,0
2020-08-14,1971.640015,1975.079956,1965.459961,1971.339966,1971.339966,0
2020-08-17,1972.910034,1981.520020,1972.910034,1979.630005,1979.630005,0
2020-08-18,1981.339966,1986.199951,1971.890015,1982.489990,1982.489990,0
2020-08-19,1983.079956,1988.329956,1971.140015,1973.890015,1973.890015,0
2020-08-20,1972.180054,1983.439941,1961.949951,1980.290039,1980.290039,0
2020-08-21,1980.150024,1986.520020,1976.930054,1984.989990,1984.989990,0
2020-08-24,1991.290039,2004.000000,1991.290039,2003.670044,2003.670044,0
2020-08-25,2005.339966,2010.949951,1999.589966,2010.619995,2010.619995,0
2020-08-26,2011.310059,2031.030029,2010.739990,2029.420044,2029.420044,0
2020-08-27,2029.939941,2043.510010,2024.030029,2033.839966,2033.839966,0
2020-08-28,2039.680054,2048.310059,2035.329956,2047.810059,2047.810059,0
2020-08-31,2047.709961,2053.370117,2039.969971,2045.010010,2045.010010,0
2020-09-01,2045.400024,2062.939941,2042.300049,2062.439941,2062.439941,0
2020-09-02,2062.760010,2093.510010,2062.149902,2089.830078,2089.830078,0
2020-09-03,2062.760010,2093.510010,1999.660034,2014.849976,2014.849976,0
2020-09-04,2014.260010,2029.130005,1950.680054,1997.880005,1997.880005,5673400
2020-09-08,1994.140015,1994.140015,1939.790039,1940.989990,1940.989990,0
2020-09-09,1943.729980,1993.760010,1943.729980,1980.150024,1980.150024,4975100
2020-09-10,1980.300049,1997.910034,1942.500000,1947.540039,1947.540039,0
2020-09-11,1949.540039,1963.550049,1929.390015,1946.979980,1946.979980,0
2020-09-14,1947.790039,1984.260010,1947.790039,1977.219971,1977.219971,0
2020-09-15,1979.510010,1998.479980,1979.510010,1988.410034,1988.410034,0
2020-09-16,1989.869995,2006.660034,1980.979980,1981.530029,1981.530029,0
2020-09-17,1977.329956,1977.329956,1948.030029,1964.599976,1964.599976,0
2020-09-18,1965.550049,1969.420044,1929.030029,1945.719971,1945.719971,0
2020-09-21,1943.040039,1943.040039,1890.750000,1922.290039,1922.290039,0
2020-09-22,1924.089966,1943.810059,1915.239990,1941.209961,1941.209961,0
2020-09-23,1941.079956,1945.199951,1891.790039,1893.680054,1893.680054,0
2020-09-24,1893.189941,1917.579956,1875.060059,1897.839966,1897.839966,0
2020-09-25,1897.880005,1934.310059,1890.709961,1929.699951,1929.699951,0
2020-09-28,1932.089966,1967.089966,1932.089966,1962.160034,1962.160034,0
2020-09-29,1962.060059,1965.660034,1948.810059,1953.050049,1953.050049,0
2020-09-30,1952.849976,1985.609985,1952.849976,1968.089966,1968.089966,0
2020-10-01,1969.369995,1988.449951,1969.369995,1982.839966,1982.839966,0
2020-10-02,1978.390015,1978.390015,1949.489990,1966.369995,1966.369995,0
2020-10-05,1968.599976,2003.430054,1968.599976,2003.319946,2003.319946,0
2020-10-06,2002.859985,2020.010010,1975.079956,1978.300049,1978.300049,0
2020-10-07,1980.750000,2017.199951,1980.750000,2013.439941,2013.439941,0
2020-10-08,2015.699951,2030.030029,2015.699951,2029.890015,2029.890015,0
2020-10-09,2031.469971,2050.530029,2031.469971,2047.359985,2047.359985,0
2020-10-12,2056.340088,2085.610107,2056.340088,2077.679932,2077.679932,0
2020-10-13,2078.239990,2078.239990,2061.050049,2066.540039,2066.540039,0
2020-10-14,2067.000000,2076.570068,2049.179932,2053.250000,2053.250000,0
2020-10-15,2051.270020,2055.159912,2026.310059,2051.989990,2051.989990,0
2020-10-16,2052.600098,2069.110107,2049.870117,2051.060059,2051.060059,0
2020-10-19,2053.739990,2062.760010,2016.050049,2019.510010,2019.510010,0
2020-10-20,2023.199951,2046.689941,2023.199951,2027.260010,2027.260010,0
2020-10-21,2026.040039,2039.040039,2020.030029,2020.359985,2020.359985,0
2020-10-22,2020.479980,2036.979980,2009.859985,2033.079956,2033.079956,0
2020-10-23,2035.869995,2042.319946,2025.420044,2040.890015,2040.890015,0
2020-10-26,2037.229980,2037.229980,1981.180054,2002.739990,2002.739990,0
2020-10-27,2002.979980,2007.089966,1995.209961,1995.969971,1995.969971,0
2020-10-28,1994.079956,1994.079956,1926.949951,1928.010010,1928.010010,0
2020-10-29,1928.040039,1966.540039,1921.739990,1950.130005,1950.130005,0
2020-10-30,1946.479980,1946.479980,1904.780029,1923.699951,1923.699951,0
2020-11-02,1925.109985,1958.290039,1925.109985,1947.630005,1947.630005,0
2020-11-03,1949.900024,1994.969971,1949.900024,1984.780029,1984.780029,0
2020-11-04,1987.489990,2050.370117,1987.489990,2026.550049,2026.550049,0
2020-11-05,2031.089966,2076.350098,2031.089966,2068.459961,2068.459961,0
2020-11-06,2068.250000,2070.830078,2054.760010,2065.669922,2065.669922,0
2020-11-09,2069.129883,2140.320068,2069.129883,2090.360107,2090.360107,0
2020-11-10,2087.719971,2094.870117,2066.360107,2088.879883,2088.879883,0
2020-11-11,2090.239990,2108.750000,2090.239990,2105.149902,2105.149902,0
2020-11-12,2105.090088,2105.090088,2073.229980,2084.020020,2084.020020,0
2020-11-13,2084.840088,2116.810059,2084.840088,2112.379883,2112.379883,0
2020-11-16,2112.729980,2139.250000,2112.729980,2138.510010,2138.510010,0
2020-11-17,2137.770020,2140.530029,2117.870117,2133.100098,2133.100098,0
2020-11-18,2133.520020,2140.550049,2110.820068,2111.050049,2111.050049,0
2020-11-19,2110.449951,2123.580078,2099.639893,2122.370117,2122.370117,0
2020-11-20,2122.010010,2122.050049,2110.760010,2110.899902,2110.899902,0
2020-11-23,2111.419922,2132.939941,2111.419922,2127.199951,2127.199951,0
2020-11-24,2127.790039,2163.909912,2127.790039,2160.580078,2160.580078,0
2020-11-25,2161.169922,2161.659912,2149.570068,2158.969971,2158.969971,4921900
2020-11-27,2159.590088,2168.919922,2159.590088,2166.600098,2166.600098,0
2020-11-30,2166.850098,2166.850098,2137.320068,2154.290039,2154.290039,0
2020-12-01,2155.300049,2185.120117,2155.300049,2176.679932,2176.679932,0
2020-12-02,2176.189941,2180.209961,2162.760010,2179.129883,2179.129883,0
2020-12-03,2179.449951,2190.810059,2176.620117,2181.570068,2181.570068,0
2020-12-04,2182.139893,2204.129883,2182.139893,2204.080078,2204.080078,0
2020-12-07,2203.850098,2204.889893,2195.209961,2202.149902,2202.149902,0
2020-12-08,2202.639893,2214.139893,2194.379883,2210.939941,2210.939941,0
2020-12-09,2211.080078,2217.649902,2181.729980,2190.520020,2190.520020,0
2020-12-10,2188.889893,2197.000000,2173.310059,2193.510010,2193.510010,0
2020-12-11,2192.949951,2192.949951,2171.189941,2189.510010,2189.510010,4890200
2020-12-14,2190.090088,2211.260010,2182.600098,2182.830078,2182.830078,0
2020-12-15,2183.969971,2212.750000,2183.969971,2212.489990,2212.489990,0
2020-12-16,2212.800049,2220.770020,2208.889893,2215.179932,2215.179932,0
2020-12-17,2216.030029,2232.169922,2216.030029,2232.169922,2232.169922,0
2020-12-18,2232.449951,2236.459961,2211.860107,2227.000000,2227.000000,0
2020-12-21,2224.739990,2224.739990,2184.800049,2220.100098,2220.100098,0
2020-12-22,2220.120117,2225.419922,2212.179932,2220.370117,2220.370117,0
2020-12-23,2220.820068,2234.050049,2220.820068,2222.649902,2222.649902,0
2020-12-24,2226.149902,2229.050049,2220.989990,2228.629883,2228.629883,1923800
2020-12-28,2234.790039,2246.139893,2234.790039,2240.850098,2240.850098,0
2020-12-29,2241.850098,2252.760010,2228.590088,2232.010010,2232.010010,0
2020-12-30,2234.629883,2244.760010,2234.629883,2237.760010,2237.760010,0
2020-12-31,2237.699951,2250.550049,2233.090088,2248.439941,2248.439941,3514200
2021-01-04,2248.689941,2257.729980,2192.939941,2215.419922,2215.419922,0
2021-01-05,2215.340088,2239.379883,2212.290039,2233.699951,2233.699951,0
2021-01-06,2233.060059,2273.280029,2224.699951,2252.350098,2252.350098,0
2021-01-07,2254.840088,2292.439941,2254.840088,2288.439941,2288.439941,0
2021-01-08,2290.850098,2301.330078,2274.469971,2299.300049,2299.300049,0
2021-01-11,2296.830078,2296.949951,2276.669922,2286.520020,2286.520020,0
2021-01-12,2286.270020,2296.090088,2277.830078,2293.010010,2293.010010,0
2021-01-13,2292.760010,2302.699951,2285.739990,2295.139893,2295.139893,0
2021-01-14,2295.860107,2307.300049,2290.260010,2292.020020,2292.020020,0
2021-01-15,2291.949951,2291.949951,2261.639893,2273.879883,2273.879883,0
2021-01-19,2274.719971,2295.830078,2274.719971,2293.239990,2293.239990,0
2021-01-20,2294.959961,2326.870117,2294.959961,2322.870117,2322.870117,0
2021-01-21,2323.250000,2327.250000,2316.350098,2320.770020,2320.770020,0
2021-01-22,2320.100098,2322.100098,2306.949951,2317.260010,2317.260010,0
2021-01-25,2317.419922,2328.889893,2289.020020,2323.209961,2323.209961,0
2021-01-26,2323.439941,2333.189941,2314.800049,2315.709961,2315.709961,0
2021-01-27,2314.739990,2314.739990,2245.889893,2256.129883,2256.129883,0
2021-01-28,2256.810059,2302.040039,2256.810059,2278.689941,2278.689941,0
2021-01-29,2278.590088,2278.590088,2224.590088,2236.370117,2236.370117,0
2021-02-01,2236.750000,2279.270020,2236.750000,2274.540039,2274.540039,0
2021-02-02,2276.969971,2315.840088,2276.969971,2307.580078,2307.580078,0
2021-02-03,2307.550049,2319.320068,2300.719971,2309.939941,2309.939941,0
2021-02-04,2311.090088,2337.729980,2311.090088,2337.500000,2337.500000,0
2021-02-05,2337.550049,2352.909912,2337.550049,2350.169922,2350.169922,0
2021-02-08,2350.560059,2371.899902,2350.560059,2371.840088,2371.840088,0
2021-02-09,2371.540039,2376.280029,2364.330078,2371.699951,2371.699951,0
2021-02-10,2373.139893,2384.659912,2355.179932,2370.669922,2370.669922,0
2021-02-11,2370.879883,2381.820068,2359.229980,2375.949951,2375.949951,0
2021-02-12,2374.620117,2388.409912,2368.879883,2387.370117,2387.370117,0
2021-02-16,2387.570068,2397.419922,2377.770020,2383.719971,2383.719971,0
2021-02-17,2383.479980,2383.479980,2360.580078,2379.560059,2379.560059,0
2021-02-18,2378.820068,2378.820068,2348.850098,2366.090088,2366.090088,0
2021-02-19,2366.399902,2382.080078,2366.399902,2369.139893,2369.139893,0
2021-02-22,2368.389893,2368.389893,2346.850098,2347.060059,2347.060059,0
2021-02-23,2346.560059,2355.290039,2298.110107,2346.840088,2346.840088,0
2021-02-24,2346.370117,2375.449951,2333.840088,2373.830078,2373.830078,0
2021-02-25,2373.709961,2374.250000,2302.739990,2311.179932,2311.179932,0
2021-02-26,2311.649902,2331.790039,2286.510010,2303.219971,2303.219971,0
2021-03-01,2305.909912,2367.909912,2305.909912,2360.909912,2360.909912,0
2021-03-02,2360.939941,2363.629883,2337.770020,2338.260010,2338.260010,0
2021-03-03,2338.139893,2341.139893,2304.459961,2304.689941,2304.689941,0
2021-03-04,2304.689941,2315.280029,2239.590088,2268.020020,2268.020020,0
2021-03-05,2269.280029,2315.830078,2235.689941,2310.969971,2310.969971,0
2021-03-08,2310.290039,2334.530029,2297.659912,2298.760010,2298.760010,0
2021-03-09,2304.370117,2351.310059,2304.370117,2334.850098,2334.850098,0
2021-03-10,2336.320068,2361.179932,2336.320068,2350.469971,2350.469971,0
2021-03-11,2351.330078,2390.169922,2351.330078,2380.739990,2380.739990,0
2021-03-12,2379.250000,2384.810059,2364.899902,2384.010010,2384.010010,0
2021-03-15,2383.669922,2401.320068,2373.260010,2400.899902,2400.899902,0
2021-03-16,2402.510010,2405.659912,2385.050049,2392.110107,2392.110107,0
2021-03-17,2390.629883,2405.669922,2373.550049,2399.709961,2399.709961,0
2021-03-18,2398.570068,2398.570068,2355.409912,2358.479980,2358.479980,0
2021-03-19,2358.550049,2369.449951,2341.760010,2360.350098,2360.350098,0
2021-03-22,2360.780029,2382.649902,2360.780029,2373.419922,2373.419922,0
2021-03-23,2373.250000,2373.370117,2342.689941,2347.979980,2347.979980,0
2021-03-24,2350.850098,2367.280029,2328.909912,2328.959961,2328.959961,0
2021-03-25,2328.419922,2350.449951,2304.850098,2344.580078,2344.580078,0
2021-03-26,2346.290039,2384.969971,2346.290039,2383.300049,2383.300049,0
2021-03-29,2382.500000,2382.500000,2358.939941,2373.020020,2373.020020,0
2021-03-30,2370.229980,2376.370117,2358.919922,2371.100098,2371.100098,0
2021-03-31,2374.760010,2395.689941,2374.760010,2382.739990,2382.739990,0
2021-04-01,2387.110107,2413.489990,2387.110107,2413.169922,2413.169922,0
2021-04-05,2430.530029,2445.250000,2430.060059,2443.399902,2443.399902,0
2021-04-06,2442.750000,2451.320068,2439.459961,2443.179932,2443.179932,0
2021-04-07,2443.689941,2446.649902,2436.260010,2441.879883,2441.879883,0
2021-04-08,2444.330078,2454.850098,2443.360107,2454.699951,2454.699951,0
2021-04-09,2454.179932,2471.409912,2452.959961,2471.100098,2471.100098,0
2021-04-12,2470.520020,2473.060059,2462.120117,2470.979980,2470.979980,0
2021-04-13,2471.219971,2483.800049,2470.090088,2480.080078,2480.080078,0
2021-04-14,2480.300049,2489.659912,2470.010010,2472.030029,2472.030029,0
2021-04-15,2474.780029,2500.110107,2474.780029,2499.020020,2499.020020,0
2021-04-16,2499.550049,2509.969971,2497.899902,2506.659912,2506.659912,0
2021-04-19,2505.800049,2505.800049,2482.729980,2490.620117,2490.620117,0
2021-04-20,2490.629883,2490.629883,2459.659912,2470.260010,2470.260010,0
2021-04-21,2468.929932,2496.850098,2464.389893,2496.250000,2496.250000,0
2021-04-22,2496.020020,2504.689941,2470.100098,2476.560059,2476.560059,0
2021-04-23,2478.179932,2513.790039,2478.179932,2505.790039,2505.790039,0
2021-04-26,2506.530029,2517.889893,2506.530029,2514.129883,2514.129883,0
2021-04-27,2514.570068,2517.219971,2508.000000,2513.669922,2513.669922,0
2021-04-28,2512.770020,2521.399902,2510.709961,2511.320068,2511.320068,0
2021-04-29,2515.399902,2531.209961,2503.409912,2523.300049,2523.300049,0
2021-04-30,2522.239990,2522.239990,2499.790039,2503.560059,2503.560059,0
2021-05-03,2504.010010,2519.320068,2504.010010,2509.050049,2509.050049,0
2021-05-04,2507.489990,2507.489990,2467.739990,2489.300049,2489.300049,0
2021-05-05,2490.060059,2501.300049,2484.860107,2488.379883,2488.379883,0
2021-05-06,2488.370117,2503.780029,2471.530029,2503.360107,2503.360107,0
2021-05-07,2505.760010,2526.959961,2505.000000,2523.929932,2523.929932,0
2021-05-10,2523.979980,2525.260010,2493.540039,2493.540039,2493.540039,0
2021-05-11,2491.739990,2491.739990,2449.080078,2474.989990,2474.989990,0
2021-05-12,2474.080078,2474.080078,2414.800049,2418.040039,2418.040039,0
2021-05-13,2419.479980,2457.300049,2419.479980,2446.399902,2446.399902,0
2021-05-14,2446.439941,2491.399902,2446.439941,2486.560059,2486.560059,0
2021-05-17,2486.659912,2486.659912,2467.280029,2480.280029,2480.280029,0
2021-05-18,2480.590088,2486.159912,2460.429932,2461.209961,2461.209961,0
2021-05-19,2458.790039,2458.790039,2420.449951,2452.889893,2452.889893,0
2021-05-20,2454.169922,2486.570068,2454.169922,2479.419922,2479.419922,0
2021-05-21,2480.879883,2498.229980,2476.189941,2478.239990,2478.239990,0
2021-05-24,2486.899902,2509.169922,2486.899902,2501.870117,2501.870117,0
2021-05-25,2502.860107,2512.040039,2492.340088,2495.110107,2495.110107,0
2021-05-26,2495.689941,2507.040039,2495.530029,2504.520020,2504.520020,0
2021-05-27,2504.310059,2514.889893,2504.310059,2509.590088,2509.590088,0
2021-05-28,2510.479980,2519.439941,2510.479980,2511.520020,2511.520020,0
2021-06-01,2512.260010,2528.459961,2509.030029,2512.800049,2512.800049,0
2021-06-02,2513.159912,2519.899902,2509.610107,2515.520020,2515.520020,0
2021-06-03,2513.679932,2513.679932,2489.040039,2503.729980,2503.729980,0
2021-06-04,2505.889893,2527.260010,2505.889893,2525.139893,2525.139893,0
2021-06-07,2524.899902,2527.770020,2521.129883,2527.770020,2527.770020,0
2021-06-08,2528.479980,2535.080078,2518.070068,2531.469971,2531.469971,0
2021-06-09,2532.020020,2537.239990,2524.790039,2525.110107,2525.110107,0
2021-06-10,2525.629883,2541.709961,2524.419922,2535.750000,2535.750000,0
2021-06-11,2536.000000,2543.689941,2533.570068,2543.669922,2543.669922,0
2021-06-14,2543.989990,2547.020020,2535.969971,2546.780029,2546.780029,0
2021-06-15,2546.959961,2547.639893,2534.040039,2539.860107,2539.860107,0
2021-06-16,2540.629883,2541.860107,2513.669922,2527.360107,2527.360107,0
2021-06-17,null,null,null,null,null,null
2021-06-18,2524.320068,2524.320068,2491.590088,2492.360107,2492.360107,0
2021-06-21,2492.959961,2528.419922,2492.959961,2527.909912,2527.909912,0
2021-06-22,2527.750000,2546.770020,2523.010010,2541.500000,2541.500000,0
2021-06-23,2541.810059,2548.750000,2540.040039,2540.120117,2540.120117,0
2021-06-24,2541.110107,2559.250000,2541.110107,2556.840088,2556.840088,0
2021-06-25,2558.979980,2568.939941,2558.979980,2565.929932,2565.929932,0
2021-06-28,2566.879883,2571.389893,2559.919922,2569.870117,2569.870117,0
2021-06-29,2569.830078,2576.000000,2566.530029,2569.419922,2569.419922,0
2021-06-30,2568.550049,2573.340088,2566.000000,2570.659912,2570.659912,0
2021-07-01,2570.399902,2583.770020,2570.399902,2583.199951,2583.199951,0
2021-07-02,2583.719971,2599.530029,2583.719971,2597.750000,2597.750000,0
2021-07-06,2597.550049,2599.679932,2573.870117,2591.169922,2591.169922,0
2021-07-07,2592.179932,2599.010010,2578.469971,2595.100098,2595.100098,0
2021-07-08,2592.340088,2592.340088,2550.540039,2572.350098,2572.350098,0
2021-07-09,2572.020020,2605.360107,2572.020020,2604.489990,2604.489990,0
2021-07-12,2604.649902,2612.149902,2600.959961,2611.270020,2611.270020,0
2021-07-13,2610.850098,2611.770020,2595.530029,2596.580078,2596.580078,0
2021-07-14,2598.149902,2610.889893,2587.879883,2592.729980,2592.729980,0
2021-07-15,2592.570068,2592.570068,2570.530029,2583.889893,2583.889893,0
2021-07-16,2584.770020,2594.199951,2562.070068,2564.770020,2564.770020,0
2021-07-19,2561.919922,2561.919922,2512.409912,2526.570068,2526.570068,0
2021-07-20,2526.919922,2578.590088,2526.919922,2570.169922,2570.169922,0
2021-07-21,2570.830078,2594.179932,2570.830078,2593.840088,2593.840088,0
2021-07-22,2594.260010,2597.580078,2585.110107,2595.330078,2595.330078,0
2021-07-23,2596.050049,2622.350098,2596.050049,2620.620117,2620.620117,0
2021-07-26,2620.750000,2625.810059,2617.649902,2625.649902,2625.649902,0
2021-07-27,2625.360107,2625.360107,2592.510010,2611.020020,2611.020020,0
2021-07-28,2612.169922,2624.550049,2607.530029,2615.879883,2615.879883,0
2021-07-29,2616.469971,2635.010010,2616.469971,2626.820068,2626.820068,0
2021-07-30,2625.320068,2625.320068,2608.620117,2611.830078,2611.830078,0
2021-08-02,null,null,null,null,null,null
2021-08-03,2607.750000,2626.270020,2596.270020,2626.229980,2626.229980,0
2021-08-04,2626.300049,2626.300049,2612.860107,2613.780029,2613.780029,0
2021-08-05,2614.600098,2632.669922,2614.600098,2632.540039,2632.540039,0
2021-08-06,2632.350098,2640.229980,2630.689941,2635.330078,2635.330078,0
2021-08-09,2635.179932,2637.290039,2627.209961,2632.810059,2632.810059,0
2021-08-10,2633.479980,2639.929932,2631.419922,2634.080078,2634.080078,0
2021-08-11,2634.229980,2640.899902,2630.050049,2640.120117,2640.120117,0
2021-08-12,2640.310059,2647.689941,2633.280029,2647.040039,2647.040039,0
2021-08-13,2647.159912,2649.860107,2645.040039,2648.300049,2648.300049,0
2021-08-16,2647.500000,2650.129883,2627.679932,2649.949951,2649.949951,0
2021-08-17,2649.239990,2649.239990,2611.199951,2629.919922,2629.919922,0
2021-08-18,2629.060059,2632.820068,2601.790039,2603.060059,2603.060059,0
2021-08-19,2601.090088,2610.050049,2584.750000,2601.550049,2601.550049,0
2021-08-20,2602.050049,2626.250000,2602.050049,2625.090088,2625.090088,0
2021-08-23,2625.479980,2655.350098,2625.479980,2650.620117,2650.620117,0
2021-08-24,2651.250000,2662.830078,2651.250000,2659.300049,2659.300049,0
2021-08-25,2659.310059,2670.030029,2659.120117,2666.479980,2666.479980,0
2021-08-26,2666.429932,2666.699951,2649.129883,2649.810059,2649.810059,0
2021-08-27,2650.030029,2680.189941,2650.030029,2677.899902,2677.899902,0
2021-08-30,2679.050049,2692.110107,2679.050049,2686.909912,2686.909912,0
2021-08-31,2687.229980,2687.449951,2678.620117,2682.850098,2682.850098,0
2021-09-01,2683.149902,2693.899902,2683.149902,2686.199951,2686.199951,0
2021-09-02,2687.120117,2698.840088,2687.120117,2695.409912,2695.409912,0
2021-09-03,2695.209961,2697.149902,2687.399902,2694.199951,2694.199951,0
2021-09-07,2694.050049,2694.050049,2680.540039,2682.739990,2682.739990,0
2021-09-08,2682.699951,2682.699951,2664.189941,2675.979980,2675.979980,0
2021-09-09,2676.060059,2686.560059,2665.209961,2665.689941,2665.689941,0
2021-09-10,2666.310059,2681.280029,2644.280029,2644.669922,2644.669922,0
2021-09-13,2647.050049,2662.860107,2637.719971,2650.479980,2650.479980,0
2021-09-14,2651.070068,2659.790039,2629.229980,2633.520020,2633.520020,0
2021-09-15,2633.830078,2659.250000,2630.080078,2656.020020,2656.020020,0
2021-09-16,2655.489990,2661.139893,2636.669922,2653.979980,2653.979980,0
2021-09-17,2653.570068,2653.570068,2628.800049,2633.469971,2633.469971,0
2021-09-20,2631.199951,2631.199951,2556.120117,2586.929932,2586.929932,0
2021-09-21,2588.229980,2609.169922,2581.250000,2586.449951,2586.449951,0
2021-09-22,2587.199951,2625.000000,2587.199951,2612.340088,2612.340088,0
2021-09-23,2613.030029,2653.989990,2613.030029,2644.600098,2644.600098,0
2021-09-24,2643.540039,2650.639893,2634.399902,2645.879883,2645.879883,0
2021-09-27,2644.100098,2649.310059,2635.070068,2641.500000,2641.500000,0
2021-09-28,2640.080078,2640.080078,2583.989990,2586.100098,2586.100098,0
2021-09-29,2586.479980,2603.879883,2585.870117,2587.989990,2587.989990,0
2021-09-30,2589.520020,2601.709961,2559.310059,2559.719971,2559.719971,0
2021-10-01,2560.590088,2600.409912,2548.449951,2589.830078,2589.830078,0
2021-10-04,2589.250000,2589.250000,2543.149902,2555.060059,2555.060059,0
2021-10-05,2555.540039,2593.070068,2555.540039,2580.479980,2580.479980,0
2021-10-06,2578.459961,2590.899902,2548.280029,2589.860107,2589.860107,0
2021-10-07,2591.750000,2631.179932,2591.750000,2614.300049,2614.300049,0
2021-10-08,2615.300049,2621.050049,2605.300049,2607.100098,2607.100098,0
2021-10-11,2606.500000,2621.860107,2589.290039,2589.520020,2589.520020,0
2021-10-12,2590.610107,2600.129883,2582.989990,2587.939941,2587.939941,0
2021-10-13,2588.879883,2602.600098,2577.719971,2598.639893,2598.639893,0
2021-10-14,2599.840088,2642.669922,2599.840088,2641.959961,2641.959961,0
2021-10-15,2642.659912,2662.669922,2642.659912,2658.139893,2658.139893,0
2021-10-18,2657.760010,2668.449951,2645.030029,2667.500000,2667.500000,0
2021-10-19,2668.040039,2687.209961,2668.040039,2685.919922,2685.919922,0
2021-10-20,2686.360107,2699.010010,2686.360107,2696.320068,2696.320068,0
2021-10-21,2696.280029,2706.560059,2692.320068,2705.770020,2705.770020,0
2021-10-22,2705.669922,2711.340088,2689.360107,2701.860107,2701.860107,0
2021-10-25,2702.139893,2719.139893,2698.399902,2715.419922,2715.419922,0
2021-10-26,2716.479980,2733.110107,2713.820068,2716.719971,2716.719971,0
2021-10-27,2716.459961,2720.100098,2696.600098,2696.610107,2696.610107,0
2021-10-28,2697.239990,2726.340088,2697.239990,2725.939941,2725.939941,0
2021-10-29,2724.719971,2732.310059,2711.129883,2730.649902,2730.649902,0
2021-11-01,2730.370117,2743.110107,2728.879883,2742.739990,2742.739990,0
2021-11-02,2742.840088,2751.899902,2742.110107,2750.629883,2750.629883,0
2021-11-03,2750.810059,2772.550049,2746.189941,2770.929932,2770.929932,0
2021-11-04,2770.290039,2784.989990,2770.290039,2779.790039,2779.790039,0
2021-11-05,2779.800049,2803.919922,2779.800049,2790.560059,2790.560059,0
2021-11-08,2791.540039,2802.120117,2791.500000,2794.620117,2794.620117,0
2021-11-09,2793.500000,2798.429932,2777.000000,2785.550049,2785.550049,0
2021-11-10,2784.870117,2784.870117,2748.239990,2758.110107,2758.110107,0
2021-11-11,2759.209961,2769.379883,2759.209961,2761.929932,2761.929932,0
2021-11-12,2763.540039,2784.379883,2763.540039,2781.439941,2781.439941,0
2021-11-15,2782.379883,2789.290039,2774.459961,2780.290039,2780.290039,0
2021-11-16,2780.209961,2798.629883,2778.429932,2791.560059,2791.560059,0
2021-11-17,2791.320068,2791.320068,2776.879883,2780.270020,2780.270020,0
2021-11-18,2780.389893,2788.629883,2767.760010,2785.050049,2785.050049,0
2021-11-19,2785.120117,2790.290039,2776.199951,2777.600098,2777.600098,0
2021-11-22,2778.139893,2801.550049,2764.409912,2764.510010,2764.510010,0
2021-11-23,2764.870117,2773.520020,2742.239990,2765.860107,2765.860107,0
2021-11-24,2764.889893,2774.620117,2746.679932,2773.750000,2773.750000,0
2021-11-26,2771.959961,2771.959961,2703.139893,2709.729980,2709.729980,0
2021-11-29,2711.520020,2752.360107,2711.520020,2739.790039,2739.790039,0
2021-11-30,2738.840088,2738.840088,2682.429932,2685.540039,2685.540039,0
2021-12-01,2687.780029,2734.919922,2645.459961,2646.449951,2646.449951,0
2021-12-02,2646.280029,2698.939941,2645.469971,2688.850098,2688.850098,0
2021-12-03,2689.399902,2705.020020,2635.629883,2660.040039,2660.040039,0
2021-12-06,2660.689941,2704.899902,2658.239990,2692.500000,2692.500000,0
2021-12-07,2697.209961,2756.639893,2697.209961,2750.229980,2750.229980,0
2021-12-08,2750.290039,2764.370117,2746.350098,2762.090088,2762.090088,0
2021-12-09,2761.149902,2761.149902,2734.969971,2735.659912,2735.659912,0
2021-12-10,2736.840088,2758.229980,2734.199951,2755.389893,2755.389893,0
2021-12-13,2754.290039,2754.290039,2728.600098,2729.219971,2729.219971,0
2021-12-14,2727.050049,2727.050049,2692.810059,2707.540039,2707.540039,0
2021-12-15,2707.540039,2752.530029,2690.919922,2751.189941,2751.189941,0
2021-12-16,2753.149902,2763.899902,2712.820068,2722.790039,2722.790039,0
2021-12-17,2722.280029,2727.879883,2686.409912,2703.699951,2703.699951,0
2021-12-20,2702.610107,2702.610107,2648.250000,2670.689941,2670.689941,0
2021-12-21,2671.340088,2724.959961,2671.340088,2724.050049,2724.050049,0
2021-12-22,2723.879883,2750.800049,2721.989990,2750.510010,2750.510010,0
2021-12-23,2750.840088,2776.620117,2750.840088,2768.360107,2768.360107,0
2021-12-27,2769.340088,2803.879883,2769.340088,2803.739990,2803.739990,0
2021-12-28,2803.899902,2813.590088,2795.709961,2798.350098,2798.350098,0
2021-12-29,2798.379883,2807.370117,2791.860107,2801.870117,2801.870117,0
2021-12-30,2802.909912,2813.250000,2794.189941,2795.909912,2795.909912,0
2021-12-31,2793.810059,2800.500000,2788.129883,2788.139893,2788.139893,0
2022-01-03,2788.020020,2804.939941,2783.040039,2804.929932,2804.929932,0
2022-01-04,2788.020020,2817.110107,2783.040039,2800.409912,2800.409912,0
2022-01-05,2799.729980,2801.260010,2738.939941,2739.340088,2739.340088,0
2022-01-06,2739.229980,2756.689941,2721.560059,2739.199951,2739.199951,0
2022-01-07,2739.060059,2748.270020,2718.560059,2725.600098,2725.600098,0
2022-01-10,2725.250000,2725.250000,2668.590088,2721.620117,2721.620117,0
2022-01-11,2721.620117,2749.110107,2705.449951,2748.590088,2748.590088,0
2022-01-12,2749.560059,2768.929932,2741.489990,2752.639893,2752.639893,0
2022-01-13,2752.870117,2763.570068,2708.040039,2712.909912,2712.909912,0
2022-01-14,2712.169922,2715.120117,2683.719971,2714.169922,2714.169922,0
2022-01-18,2713.169922,2713.169922,2656.399902,2660.810059,2660.810059,0
2022-01-19,2661.010010,2680.550049,2632.719971,2633.860107,2633.860107,0
2022-01-20,2634.459961,2676.949951,2600.489990,2603.060059,2603.060059,0
2022-01-21,2602.810059,2610.260010,2551.820068,2552.540039,2552.540039,0
2022-01-24,2551.000000,2569.959961,2452.550049,2565.949951,2565.949951,0
2022-01-25,2563.280029,2563.889893,2493.129883,2531.379883,2531.379883,0
2022-01-26,2535.689941,2587.969971,2499.520020,2523.629883,2523.629883,0
2022-01-27,null,null,null,null,null,null
2022-01-28,2505.917236,2567.167236,2484.849121,2566.786133,2566.786133,0